Influencer_ID,Platform,Audience_Niche,Follower_Count,Engagement_Rate_Pct,Avg_Comments_Per_Post,Past_Brand_Collaborations,Campaign_Cost_USD,Discount_Code_Uses,Revenue_Generated_USD,High_ROI_Campaign,target_numeric,target_label,follower_tier,roi_ratio,cost_per_discount_use,revenue_per_follower,conversion_rate,engagement_to_cost_efficiency,comments_per_follower,audience_quality_score,influencer_experience_score,revenue_per_comment,cost_efficiency_tier,engagement_tier,platform_niche_combo,pred_high_roi,pred_roi_probability,influencer_tier,is_campaign_anomaly,predicted_revenue_usd,campaign_alerts,partnership_priority,campaign_recommendation
INF-001,Tiktok,Skincare,112795,7.36,925.0,0,1270.04,640,34524.9125,Yes,1,High ROI,Macro,27.184114279865202,1.9844374999999999,0.3060854869453433,0.005674010372800213,3.7088595634783164,0.008200718116937808,0.5796374759397018,0.0,37.32422972972973,Elite,Elite,Tiktok_Skincare,1,0.9999975047176585,Gold Tier,1,34511.0686983733,HIGH_ROI_CONFIRMED|STRONG_ENGAGEMENT|LOW_COST_PER_CONVERSION|HIGH_CONVERSION_RATE|INEXPERIENCED_INFLUENCER|ANOMALOUS_CAMPAIGN,P1_STRATEGIC_PARTNER,Prioritise for next campaign cycle; Flag for manual audit
INF-002,Youtube,Skincare,230184,6.42,1796.125,9,2908.7,534,29101.85,Yes,1,High ROI,Macro,10.005105373534569,5.4470037453183515,0.1264286396969381,0.002319883223855698,1.1786296283563105,0.007802996733048344,0.40611181497524473,2.302585092994046,16.202574987821002,Elite,Elite,Youtube_Skincare,1,0.9999034411120473,Silver Tier,0,29142.609538681547,HIGH_ROI_CONFIRMED|STRONG_ENGAGEMENT|LOW_COST_PER_CONVERSION,P1_STRATEGIC_PARTNER,Prioritise for next campaign cycle
INF-003,Instagram,Fashion,238275,3.81,580.0,8,3113.01,228,11042.82,Yes,1,High ROI,Macro,3.5473127294804705,13.653552631578949,0.046344853635505195,0.0009568775574441297,0.2790482523345572,0.0024341622075333123,0.1709618195976823,2.1972245773362196,19.039344827586206,Elite,Healthy,Instagram_Fashion,1,0.9831850631034216,Bronze Tier,0,11258.021502981688,HIGH_ROI_CONFIRMED|LOW_COST_PER_CONVERSION,P2_RECOMMENDED,Prioritise for next campaign cycle
INF-004,Instagram,Fashion,152202,6.03,551.0,6,1996.49,164,7952.31,Yes,1,High ROI,Macro,3.983145420212473,12.173719512195122,0.052248393582213115,0.0010775154071562792,0.4953293029266363,0.003620188959409206,0.26702410838453533,1.9459101490553132,14.432504537205082,Elite,Elite,Instagram_Fashion,1,0.9908320708975741,Silver Tier,0,8028.305621410044,HIGH_ROI_CONFIRMED|STRONG_ENGAGEMENT|LOW_COST_PER_CONVERSION,P1_STRATEGIC_PARTNER,Prioritise for next campaign cycle
INF-005,Tiktok,Fashion,97508,9.66,712.0,0,1214.45,274,13237.5,Yes,1,High ROI,Macro,10.899995882909959,4.432299270072993,0.13575809164376257,0.00281002584403331,2.1794557206966116,0.007301964966977069,0.5184699374652197,0.0,18.59199438202247,Elite,Elite,Tiktok_Fashion,1,0.999795350374093,Gold Tier,0,13397.84477541699,HIGH_ROI_CONFIRMED|STRONG_ENGAGEMENT|LOW_COST_PER_CONVERSION|INEXPERIENCED_INFLUENCER,P1_STRATEGIC_PARTNER,Prioritise for next campaign cycle
INF-006,Tiktok,Skincare,247027,3.98,1205.0,14,3063.36,363,17281.08,Yes,1,High ROI,Macro,5.641217486681292,8.43900826446281,0.06995623960133913,0.0014694749966602842,0.4716193983077405,0.0048780092864342765,0.2417121301126675,2.70805020110221,14.341145228215769,Elite,Healthy,Tiktok_Skincare,1,0.9985785838871508,Silver Tier,0,17273.99912288116,HIGH_ROI_CONFIRMED|LOW_COST_PER_CONVERSION,P2_RECOMMENDED,Prioritise for next campaign cycle
INF-007,Tiktok,Fitness,128324,5.44,762.0,11,1575.96,151,8280.21,Yes,1,High ROI,Macro,5.254073707454503,10.43682119205298,0.06452580966927464,0.0011767089554565006,0.5212315033376482,0.005938094199058633,0.2948091507398152,2.4849066497880004,10.866417322834645,Elite,Elite,Tiktok_Fitness,1,0.9961725137909189,Silver Tier,0,8263.145246354541,HIGH_ROI_CONFIRMED|STRONG_ENGAGEMENT|LOW_COST_PER_CONVERSION,P1_STRATEGIC_PARTNER,Prioritise for next campaign cycle
INF-008,Youtube,Skincare,70566,10.06,427.0,13,1189.48,320,18470.48,Yes,1,High ROI,Macro,15.52819719541312,3.7171250000000002,0.26174758382223734,0.004534761783295071,2.706392709419242,0.0060510727545843605,0.5785787319951862,2.6390573296152584,43.25639344262295,Elite,Elite,Youtube_Skincare,1,0.99998859544819,Gold Tier,0,18432.67991210825,HIGH_ROI_CONFIRMED|STRONG_ENGAGEMENT|LOW_COST_PER_CONVERSION,P1_STRATEGIC_PARTNER,Prioritise for next campaign cycle
INF-009,Instagram,Skincare,207775,3.07,904.0,15,3155.18,256,14301.38,Yes,1,High ROI,Macro,4.532666915992115,12.324921875,0.06883109132475032,0.001232102033449645,0.24908880000507103,0.004350860305619059,0.19392211817007032,2.772588722239781,15.820110619469025,Elite,Healthy,Instagram_Skincare,1,0.9940034020987933,Silver Tier,0,14286.16539373176,HIGH_ROI_CONFIRMED|LOW_COST_PER_CONVERSION,P2_RECOMMENDED,Prioritise for next campaign cycle
INF-010,Instagram,Fitness,37192,7.98,382.0,7,663.14,109,6200.07,Yes,1,High ROI,Micro,9.349564194589378,6.083853211009174,0.16670439879543988,0.0029307377930737795,1.3116687275688392,0.010271026027102602,0.5248507038094326,2.0794415416798357,16.230549738219896,Elite,Elite,Instagram_Fitness,1,0.9996375435126368,Gold Tier,0,6245.494961928231,HIGH_ROI_CONFIRMED|STRONG_ENGAGEMENT|LOW_COST_PER_CONVERSION,P1_STRATEGIC_PARTNER,Prioritise for next campaign cycle
INF-011,Tiktok,Fashion,11062,8.42,48.0,2,355.39,43,2196.09,Yes,1,High ROI,Micro,6.179380398998284,8.264883720930232,0.19852558307720125,0.0038871813415295607,1.0187681139030362,0.004339179171939975,0.4696081776448671,1.0986122886681098,45.751875000000005,Elite,Elite,Tiktok_Fashion,1,0.9994918282503108,Silver Tier,0,2264.0360704773284,HIGH_ROI_CONFIRMED|STRONG_ENGAGEMENT|LOW_COST_PER_CONVERSION,P1_STRATEGIC_PARTNER,Prioritise for next campaign cycle
INF-012,Youtube,Fitness,94076,5.96,645.0,7,1475.16,175,9591.95,Yes,1,High ROI,Macro,6.502311613655468,8.429485714285715,0.10195958586674604,0.0018601981376759216,0.7070419479920822,0.006856158850291254,0.35570338054956996,2.0794415416798357,14.871240310077521,Elite,Elite,Youtube_Fitness,1,0.9982502211337673,Silver Tier,0,9397.571943830466,HIGH_ROI_CONFIRMED|STRONG_ENGAGEMENT|LOW_COST_PER_CONVERSION,P1_STRATEGIC_PARTNER,Prioritise for next campaign cycle
INF-013,Instagram,Fashion,99780,7.71,977.0,14,1018.45,332,16704.1,Yes,1,High ROI,Macro,16.401492464038487,3.067620481927711,0.1674093004610142,0.0033273201042293044,2.5133487161863615,0.009791541391060333,0.5238391539657395,2.70805020110221,17.097338792221084,Elite,Elite,Instagram_Fashion,1,0.9999713914501139,Gold Tier,0,16714.78305942697,HIGH_ROI_CONFIRMED|STRONG_ENGAGEMENT|LOW_COST_PER_CONVERSION,P1_STRATEGIC_PARTNER,Prioritise for next campaign cycle
INF-014,Tiktok,Fashion,162617,5.06,719.0,4,2542.79,111,5869.97,Yes,1,High ROI,Macro,2.3084761226841386,22.90801801801802,0.036096902537865044,0.000682585461544611,0.22088336040333648,0.0044214319536087865,0.23512264765437824,1.6094379124341003,8.164075104311545,Elite,Elite,Tiktok_Fashion,1,0.8969813553831534,Bronze Tier,0,5883.876073533779,STRONG_ENGAGEMENT|LOW_COST_PER_CONVERSION,P2_RECOMMENDED,A/B test with smaller budget first
INF-015,Tiktok,Skincare,31689,3.9,70.0,0,610.11,76,3969.06,Yes,1,High ROI,Micro,6.505482617888577,8.027763157894737,0.12525040234781784,0.00239830856133043,0.4858140335349363,0.002208968411751712,0.2284848468393164,0.0,56.70085714285714,Elite,Healthy,Tiktok_Skincare,1,0.997417302007495,Silver Tier,0,3948.300625207341,HIGH_ROI_CONFIRMED|LOW_COST_PER_CONVERSION|INEXPERIENCED_INFLUENCER,P2_RECOMMENDED,Prioritise for next campaign cycle
INF-016,Tiktok,Fashion,21174,9.0,110.0,6,431.23,49,2335.01,Yes,1,High ROI,Micro,5.4147670616608305,8.800612244897959,0.11027722678756967,0.0023141588740908663,1.0226561231825244,0.005195050533673373,0.4391907038456422,1.9459101490553132,21.227363636363638,Elite,Elite,Tiktok_Fashion,1,0.9983661015093038,Silver Tier,0,2411.532081344152,HIGH_ROI_CONFIRMED|STRONG_ENGAGEMENT|LOW_COST_PER_CONVERSION,P1_STRATEGIC_PARTNER,Prioritise for next campaign cycle
INF-017,Tiktok,Skincare,98461,6.47,384.0,4,1306.15,500,25403.09,Yes,1,High ROI,Macro,19.448830532480955,2.6123000000000003,0.2580015437584424,0.005078152771147967,2.476744631167936,0.0039000213282416388,0.44911629669680975,1.6094379124341003,66.15388020833333,Elite,Elite,Tiktok_Skincare,1,0.9999907567868286,Gold Tier,0,28043.02072016212,HIGH_ROI_CONFIRMED|STRONG_ENGAGEMENT|LOW_COST_PER_CONVERSION|HIGH_CONVERSION_RATE,P1_STRATEGIC_PARTNER,Prioritise for next campaign cycle
INF-018,Instagram,Skincare,136174,7.53,1374.0,5,1623.95,440,26161.23,Yes,1,High ROI,Macro,16.10962775947535,3.6907954545454547,0.1921161895809773,0.003231160133358791,2.040210597616922,0.010090031870988588,0.5197147301407659,1.791759469228055,19.040196506550217,Elite,Elite,Instagram_Skincare,1,0.9999696324511163,Gold Tier,0,26068.398661259427,HIGH_ROI_CONFIRMED|STRONG_ENGAGEMENT|LOW_COST_PER_CONVERSION,P1_STRATEGIC_PARTNER,Prioritise for next campaign cycle
INF-019,Tiktok,Tech,113033,5.99,955.0,15,1468.16,271,13205.48,Yes,1,High ROI,Macro,8.99457824760244,5.417564575645756,0.1168285367989879,0.0023975299248891915,1.105662870531822,0.008448860067413941,0.407574444483648,2.772588722239781,13.8277277486911,Elite,Elite,Tiktok_Tech,1,0.9997380844647462,Silver Tier,0,13745.300978382591,HIGH_ROI_CONFIRMED|STRONG_ENGAGEMENT|LOW_COST_PER_CONVERSION,P1_STRATEGIC_PARTNER,Prioritise for next campaign cycle
INF-020,Tiktok,Fashion,19348,13.27,159.0,5,269.53,38,1786.27,Yes,1,High ROI,Micro,6.6273513152524774,7.092894736842105,0.0923232375439322,0.00196402728964234,1.870886357733833,0.00821790365929295,0.6137166941110728,1.791759469228055,11.23440251572327,Elite,Elite,Tiktok_Fashion,1,0.9993468254149955,Silver Tier,0,1777.4220005113546,HIGH_ROI_CONFIRMED|STRONG_ENGAGEMENT|LOW_COST_PER_CONVERSION,P1_STRATEGIC_PARTNER,Prioritise for next campaign cycle
INF-021,Instagram,Fitness,164786,7.48,907.0,7,2433.63,546,27998.18,Yes,1,High ROI,Macro,11.504698742208141,4.457197802197802,0.16990630271989127,0.003313388273275642,1.6781844405271138,0.005504108358719794,0.437973687853798,2.0794415416798357,30.868996692392503,Elite,Elite,Instagram_Fitness,1,0.9999369571187067,Gold Tier,0,28154.20503348766,HIGH_ROI_CONFIRMED|STRONG_ENGAGEMENT|LOW_COST_PER_CONVERSION,P1_STRATEGIC_PARTNER,Prioritise for next campaign cycle
INF-022,Tiktok,Fashion,48102,8.07,258.0,8,500.92,163,9267.38,Yes,1,High ROI,Micro,18.500718677633152,3.0731288343558285,0.19266101201613237,0.0033886324892935843,2.6259881817455883,0.005363602345016839,0.4569649978341032,2.1972245773362196,35.920077519379845,Elite,Elite,Tiktok_Fashion,1,0.9999449844855325,Gold Tier,0,9159.140614420383,HIGH_ROI_CONFIRMED|STRONG_ENGAGEMENT|LOW_COST_PER_CONVERSION,P1_STRATEGIC_PARTNER,Prioritise for next campaign cycle
INF-023,Tiktok,Fitness,84460,9.36,542.0,1,1100.87,137,7361.31,Yes,1,High ROI,Macro,6.6868113401219045,8.035547445255474,0.08715735259294341,0.00162206961875444,1.164824184508616,0.00641723892967085,0.44449349278193667,0.6931471805599453,13.581752767527677,Elite,Elite,Tiktok_Fitness,1,0.9982946877304172,Silver Tier,0,7243.587778143266,HIGH_ROI_CONFIRMED|STRONG_ENGAGEMENT|LOW_COST_PER_CONVERSION|INEXPERIENCED_INFLUENCER,P1_STRATEGIC_PARTNER,Prioritise for next campaign cycle
INF-024,Tiktok,Fashion,112634,7.63,1149.0,8,1802.04,187,10325.13,Yes,1,High ROI,Macro,5.729689685023639,9.636577540106952,0.09166974448212795,0.0016602446863291723,0.7917748773612129,0.010201182591402241,0.4607833916882052,2.1972245773362196,8.986187989556136,Elite,Elite,Tiktok_Fashion,1,0.9988947491776861,Silver Tier,0,10343.726961020304,HIGH_ROI_CONFIRMED|STRONG_ENGAGEMENT|LOW_COST_PER_CONVERSION,P1_STRATEGIC_PARTNER,Prioritise for next campaign cycle
INF-025,Instagram,Fashion,99930,7.55,627.0,11,1522.22,409,19568.78,Yes,1,High ROI,Macro,12.855421686746986,3.721809290953545,0.1958248774141899,0.004092865005503853,2.028583253406209,0.0062743920744521165,0.4859966292429289,2.4849066497880004,31.21017543859649,Elite,Elite,Instagram_Fashion,1,0.9999617543210266,Gold Tier,0,19767.59615698298,HIGH_ROI_CONFIRMED|STRONG_ENGAGEMENT|LOW_COST_PER_CONVERSION,P1_STRATEGIC_PARTNER,Prioritise for next campaign cycle
INF-026,Instagram,Fashion,16801,10.73,146.0,14,366.16,40,2171.37,Yes,1,High ROI,Micro,5.930112519117325,9.154,0.12924052139753586,0.0023808106660317837,1.1721651736945597,0.00868995893101601,0.5597567904804152,2.70805020110221,14.872397260273972,Elite,Elite,Instagram_Fashion,1,0.9992998111260026,Silver Tier,0,2358.5139393588706,HIGH_ROI_CONFIRMED|STRONG_ENGAGEMENT|LOW_COST_PER_CONVERSION,P1_STRATEGIC_PARTNER,Prioritise for next campaign cycle
INF-027,Tiktok,Skincare,113150,6.91,568.0,10,1221.62,584,29113.86,Yes,1,High ROI,Macro,23.832173671027,2.0918150684931507,0.2573032258064516,0.005161290322580645,3.303351287634453,0.005019885108263367,0.4866879045137167,2.3978952727983707,51.25679577464789,Elite,Elite,Tiktok_Skincare,1,0.9999965679995401,Gold Tier,1,29117.25287189885,HIGH_ROI_CONFIRMED|STRONG_ENGAGEMENT|LOW_COST_PER_CONVERSION|HIGH_CONVERSION_RATE|ANOMALOUS_CAMPAIGN,P1_STRATEGIC_PARTNER,Prioritise for next campaign cycle; Flag for manual audit
INF-028,Instagram,Fitness,213339,4.39,1037.0,9,1894.95,252,14493.67,Yes,1,High ROI,Macro,7.64857647959049,7.519642857142857,0.06793727354117156,0.0011812186238803033,0.5838043220137734,0.004860808384777279,0.2424815093073635,2.302585092994046,13.976538090646095,Elite,Healthy,Instagram_Fitness,1,0.9983084995713731,Silver Tier,0,14424.972155280433,HIGH_ROI_CONFIRMED|LOW_COST_PER_CONVERSION,P2_RECOMMENDED,Prioritise for next campaign cycle
INF-029,Instagram,Skincare,189208,5.94,988.0,8,2579.22,151,8220.36,Yes,1,High ROI,Macro,3.1871496033684608,17.08092715231788,0.04344615449663862,0.0007980635068284639,0.3477562984158002,0.005221766521500148,0.281975934592615,2.1972245773362196,8.320202429149798,Elite,Elite,Instagram_Skincare,1,0.9820773003947538,Bronze Tier,0,8252.728306260724,HIGH_ROI_CONFIRMED|STRONG_ENGAGEMENT|LOW_COST_PER_CONVERSION,P1_STRATEGIC_PARTNER,Prioritise for next campaign cycle
INF-030,Tiktok,Skincare,164697,8.47,1735.0,12,1557.5,1236,34524.9125,Yes,1,High ROI,Macro,22.166878009630818,1.2601132686084142,0.20962684505485832,0.0075046904315197,6.72161797752809,0.010534496681785339,0.7316004344480488,2.5649493574615367,19.89908501440922,Elite,Elite,Tiktok_Skincare,1,0.9999998857803765,Gold Tier,1,34484.51443804152,HIGH_ROI_CONFIRMED|STRONG_ENGAGEMENT|ELITE_AUDIENCE_QUALITY|LOW_COST_PER_CONVERSION|HIGH_CONVERSION_RATE|ANOMALOUS_CAMPAIGN,P1_STRATEGIC_PARTNER,Prioritise for next campaign cycle; Flag for manual audit
INF-031,Instagram,Fashion,223945,4.11,649.0,9,2767.19,229,10526.96,Yes,1,High ROI,Macro,3.8042057104860882,12.083799126637555,0.047006899015383234,0.001022572506642256,0.3401248197630087,0.0028980329991739042,0.1914880773967142,2.302585092994046,16.220277349768875,Elite,Healthy,Instagram_Fashion,1,0.9896331807880061,Silver Tier,0,11488.3696234814,HIGH_ROI_CONFIRMED|LOW_COST_PER_CONVERSION,P2_RECOMMENDED,Prioritise for next campaign cycle
INF-032,Tiktok,Skincare,241915,2.55,794.0,14,3832.67,398,18164.52,Yes,1,High ROI,Macro,4.7393905554091535,9.629824120603015,0.07508637331294049,0.0016452059607713454,0.2648023440577978,0.0032821445549056486,0.17502129443999295,2.70805020110221,22.877229219143576,Elite,Healthy,Tiktok_Skincare,1,0.9968890917979152,Silver Tier,0,18210.092764904348,HIGH_ROI_CONFIRMED|LOW_COST_PER_CONVERSION,P2_RECOMMENDED,Prioritise for next campaign cycle
INF-033,Tiktok,Tech,213664,0.97,228.0,15,2007.88,39,1972.27,No,0,Low ROI,Macro,0.982264876387035,51.484102564102564,0.009230708027557287,0.0001825295791523139,0.018840767376536446,0.001067096001198143,0.025512265642020176,2.772588722239781,8.65030701754386,Fair,Low,Tiktok_Tech,0,0.02772261565708923,Bronze Tier,1,2025.1098176937287,NEGATIVE_ROI|POOR_ENGAGEMENT|ANOMALOUS_CAMPAIGN,P5_DO_NOT_REBOOK,Review campaign brief — content-audience mismatch; Flag for manual audit; Consider platform switch
INF-034,Youtube,Tech,218124,6.83,915.0,9,3402.9,150,7348.17,Yes,1,High ROI,Macro,2.1593846425107994,22.686,0.0336880398305551,0.000687682235792485,0.30106673719474564,0.004194861638334158,0.2866461967725202,2.302585092994046,8.030786885245902,Elite,Elite,Youtube_Tech,1,0.9473297590096776,Bronze Tier,0,7380.173322310363,STRONG_ENGAGEMENT|LOW_COST_PER_CONVERSION,P2_RECOMMENDED,A/B test with smaller budget first
INF-035,Youtube,Tech,185333,4.42,749.0,15,2952.12,378,20673.33,Yes,1,High ROI,Macro,7.002875899353685,7.80984126984127,0.11154694522831876,0.0020395720136187293,0.5659526035527012,0.004041374175133408,0.26351378164288414,2.772588722239781,27.601241655540722,Elite,Healthy,Youtube_Tech,1,0.9992029730717352,Silver Tier,0,20674.75334009831,HIGH_ROI_CONFIRMED|LOW_COST_PER_CONVERSION,P2_RECOMMENDED,Prioritise for next campaign cycle
INF-036,Instagram,Fashion,11542,10.48,164.0,6,366.56,37,1942.13,Yes,1,High ROI,Micro,5.298259493670886,9.907027027027027,0.16826633165829147,0.0032056835903656214,1.0578350065473592,0.014208975914053023,0.6861032366038757,1.9459101490553132,11.842256097560977,Elite,Elite,Instagram_Fashion,1,0.9992912380919243,Gold Tier,0,1914.4984368448477,HIGH_ROI_CONFIRMED|STRONG_ENGAGEMENT|LOW_COST_PER_CONVERSION,P1_STRATEGIC_PARTNER,Prioritise for next campaign cycle
INF-037,Tiktok,Skincare,31677,11.97,539.0,0,674.94,204,9994.02,Yes,1,High ROI,Micro,14.807271757489554,3.308529411764706,0.3154976797045175,0.006440003788237523,3.6179215930304913,0.0170155002051962,0.9158437674815284,0.0,18.54178107606679,Elite,Elite,Tiktok_Skincare,1,0.9999920382254606,Gold Tier,1,9997.995185403324,HIGH_ROI_CONFIRMED|STRONG_ENGAGEMENT|ELITE_AUDIENCE_QUALITY|LOW_COST_PER_CONVERSION|HIGH_CONVERSION_RATE|INEXPERIENCED_INFLUENCER|ANOMALOUS_CAMPAIGN,P1_STRATEGIC_PARTNER,Prioritise for next campaign cycle; Flag for manual audit
INF-038,Tiktok,Tech,187804,5.08,921.0,6,2427.95,398,18800.95,Yes,1,High ROI,Macro,7.743549084618712,6.1003768844221105,0.10010942258950821,0.0021192306873123045,0.8327354352437242,0.004904048902046815,0.30315008821439626,1.9459101490553132,20.413626492942456,Elite,Elite,Tiktok_Tech,1,0.9993234967904724,Silver Tier,0,18898.93921829384,HIGH_ROI_CONFIRMED|STRONG_ENGAGEMENT|LOW_COST_PER_CONVERSION,P1_STRATEGIC_PARTNER,Prioritise for next campaign cycle
INF-039,Instagram,Fashion,191415,4.35,816.0,9,2999.51,298,13978.58,Yes,1,High ROI,Macro,4.660287847015012,10.06546979865772,0.07302761016639239,0.0015568267899589896,0.4321705878626842,0.004262988793981663,0.24566327660600346,2.302585092994046,17.130612745098038,Elite,Healthy,Instagram_Fashion,1,0.99636740870277,Silver Tier,0,14102.583478571572,HIGH_ROI_CONFIRMED|LOW_COST_PER_CONVERSION,P2_RECOMMENDED,Prioritise for next campaign cycle
INF-040,Tiktok,Tech,49081,10.76,749.0,4,789.9,89,5159.32,Yes,1,High ROI,Micro,6.531611596404608,8.875280898876404,0.10511847761863043,0.0018133289867769606,1.2123559944296747,0.01526048776512296,0.6572228567004765,1.6094379124341003,6.888277703604806,Elite,Elite,Tiktok_Tech,1,0.999275994574654,Silver Tier,0,5151.040523977899,HIGH_ROI_CONFIRMED|STRONG_ENGAGEMENT|LOW_COST_PER_CONVERSION,P1_STRATEGIC_PARTNER,Prioritise for next campaign cycle
INF-041,Tiktok,Tech,203928,4.98,1103.0,5,2785.25,248,12065.74,Yes,1,High ROI,Macro,4.332013284265326,11.230846774193548,0.059166666666666666,0.0012161154917421835,0.4434215959070102,0.0054087717233533405,0.27236678534517084,1.791759469228055,10.939020852221214,Elite,Healthy,Tiktok_Tech,1,0.9947310447547226,Silver Tier,0,12049.408798399647,HIGH_ROI_CONFIRMED|LOW_COST_PER_CONVERSION,P2_RECOMMENDED,Prioritise for next campaign cycle
INF-042,Instagram,Fitness,103105,7.99,438.0,9,1420.1,380,20814.75,Yes,1,High ROI,Macro,14.657242447714951,3.7371052631578947,0.20187915232045003,0.0036855632607536008,2.1380184494049717,0.004248096600552835,0.44625474309365015,2.302585092994046,47.522260273972606,Elite,Elite,Instagram_Fitness,1,0.9999645903412884,Gold Tier,0,20792.227824711095,HIGH_ROI_CONFIRMED|STRONG_ENGAGEMENT|LOW_COST_PER_CONVERSION,P1_STRATEGIC_PARTNER,Prioritise for next campaign cycle
INF-043,Tiktok,Skincare,229930,1.28,415.0,6,3448.46,192,10974.78,Yes,1,High ROI,Macro,3.1825162536320564,17.960729166666667,0.047730961597007786,0.0008350367503153134,0.07126659436386097,0.00180489714260862,0.07528123514569716,1.9459101490553132,26.445253012048195,Elite,Low,Tiktok_Skincare,1,0.9302863400594081,Bronze Tier,0,10895.310804316912,HIGH_ROI_CONFIRMED|LOW_COST_PER_CONVERSION,P2_RECOMMENDED,Prioritise for next campaign cycle
INF-044,Youtube,Fashion,29065,11.0,239.0,13,487.72,134,7264.3,Yes,1,High ROI,Micro,14.894406626753055,3.6397014925373137,0.24993290899707551,0.004610356098400137,3.0222258673009104,0.008222948563564425,0.650665998759498,2.6390573296152584,30.394560669456066,Elite,Elite,Youtube_Fashion,1,0.9999812468599028,Gold Tier,0,7230.329326320051,HIGH_ROI_CONFIRMED|STRONG_ENGAGEMENT|LOW_COST_PER_CONVERSION,P1_STRATEGIC_PARTNER,Prioritise for next campaign cycle
INF-045,Tiktok,Fitness,224532,4.28,1035.0,14,2794.64,252,14589.16,Yes,1,High ROI,Macro,5.220407637477457,11.08984126984127,0.06497586090178682,0.001122334455667789,0.3859387971259269,0.004609587942921276,0.23205784084677183,2.70805020110221,14.095806763285024,Elite,Healthy,Tiktok_Fitness,1,0.9964709912241372,Silver Tier,0,14510.248680188068,HIGH_ROI_CONFIRMED|LOW_COST_PER_CONVERSION,P2_RECOMMENDED,Prioritise for next campaign cycle
INF-046,Instagram,Skincare,98092,5.2,339.0,4,1602.09,112,5699.22,Yes,1,High ROI,Macro,3.557365691066045,14.304374999999999,0.05810076254944338,0.0011417852628145006,0.36352514527897933,0.0034559393222688903,0.24065597797517346,1.6094379124341003,16.811858407079647,Elite,Elite,Instagram_Skincare,1,0.979737448792326,Silver Tier,0,5949.690906816674,HIGH_ROI_CONFIRMED|STRONG_ENGAGEMENT|LOW_COST_PER_CONVERSION,P1_STRATEGIC_PARTNER,Prioritise for next campaign cycle
INF-047,Tiktok,Skincare,64693,8.92,308.0,6,848.17,362,21482.29,Yes,1,High ROI,Macro,25.32781164153413,2.343011049723757,0.33206513842301333,0.005595659499482169,3.807066979497035,0.004760947861437868,0.5626524420577337,1.9459101490553132,69.74769480519481,Elite,Elite,Tiktok_Skincare,1,0.999997969595574,Gold Tier,1,21436.417343519235,HIGH_ROI_CONFIRMED|STRONG_ENGAGEMENT|LOW_COST_PER_CONVERSION|HIGH_CONVERSION_RATE|ANOMALOUS_CAMPAIGN,P1_STRATEGIC_PARTNER,Prioritise for next campaign cycle; Flag for manual audit
INF-048,Instagram,Fashion,36962,5.87,176.0,8,595.0,95,4464.73,Yes,1,High ROI,Micro,7.503747899159663,6.2631578947368425,0.12079243547427086,0.0025702072398679724,0.9372268907563025,0.00476164709701856,0.34370020167229504,2.1972245773362196,25.367784090909087,Elite,Elite,Instagram_Fashion,1,0.9989384705672092,Silver Tier,0,4519.381263955403,HIGH_ROI_CONFIRMED|STRONG_ENGAGEMENT|LOW_COST_PER_CONVERSION,P1_STRATEGIC_PARTNER,Prioritise for next campaign cycle
INF-049,Instagram,Tech,38295,12.44,610.0,2,580.36,175,8143.14,Yes,1,High ROI,Micro,14.031187538769041,3.3163428571428573,0.21264238151194673,0.004569787178482831,3.751119994486181,0.015928972450711582,0.8344766756724232,1.0986122886681098,13.349409836065574,Elite,Elite,Instagram_Tech,1,0.9999793929549304,Gold Tier,1,8180.0184793282515,HIGH_ROI_CONFIRMED|STRONG_ENGAGEMENT|ELITE_AUDIENCE_QUALITY|LOW_COST_PER_CONVERSION|ANOMALOUS_CAMPAIGN,P1_STRATEGIC_PARTNER,Prioritise for next campaign cycle; Flag for manual audit
INF-050,Tiktok,Fashion,23807,7.68,142.0,15,544.54,100,5488.04,Yes,1,High ROI,Micro,10.078304624086385,5.445399999999999,0.23052211534422648,0.0042004452471962024,1.4103647114996145,0.005964632251018608,0.48881552856720534,2.772588722239781,38.64816901408451,Elite,Elite,Tiktok_Fashion,1,0.999904849348602,Gold Tier,0,5538.5643765181585,HIGH_ROI_CONFIRMED|STRONG_ENGAGEMENT|LOW_COST_PER_CONVERSION,P1_STRATEGIC_PARTNER,Prioritise for next campaign cycle
INF-051,Youtube,Fashion,183420,7.28,961.0,7,1930.59,543,32114.36,Yes,1,High ROI,Macro,16.634479615039965,3.555414364640884,0.17508646821502563,0.002960418711154727,2.047581309340668,0.005239341402246211,0.4124864486549632,2.0794415416798357,33.4176482830385,Elite,Elite,Youtube_Fashion,1,0.9999652568028075,Gold Tier,0,32029.619087684765,HIGH_ROI_CONFIRMED|STRONG_ENGAGEMENT|LOW_COST_PER_CONVERSION,P1_STRATEGIC_PARTNER,Prioritise for next campaign cycle
INF-052,Instagram,Skincare,167504,4.09,488.0,1,2602.42,109,6227.52,Yes,1,High ROI,Macro,2.392972694645753,23.8754128440367,0.037178336039736366,0.0006507307288184163,0.17130593831894927,0.0029133632629668544,0.1759709104386354,0.6931471805599453,12.761311475409837,Elite,Healthy,Instagram_Skincare,1,0.8036165176856919,Bronze Tier,0,6199.573929596952,LOW_COST_PER_CONVERSION|INEXPERIENCED_INFLUENCER,P3_MONITOR,A/B test with smaller budget first
INF-053,Youtube,Fashion,224357,4.56,1038.0,10,2137.84,275,12690.22,Yes,1,High ROI,Macro,5.93600082326086,7.773963636363637,0.056562621179637805,0.00122572507209492,0.5865733637690379,0.00462655499939828,0.24535543955514605,2.3978952727983707,12.225645472061656,Elite,Healthy,Youtube_Fashion,1,0.998033061409093,Silver Tier,0,12781.5040850011,HIGH_ROI_CONFIRMED|LOW_COST_PER_CONVERSION,P2_RECOMMENDED,Prioritise for next campaign cycle
INF-054,Youtube,Tech,248067,1.69,618.0,6,3391.47,67,3295.76,No,0,Low ROI,Macro,0.9717791989904084,50.6189552238806,0.0132857655391487,0.00027008832291276145,0.033386702521325556,0.002491262441195322,0.07757746783062167,1.9459101490553132,5.332944983818771,Fair,Low,Youtube_Tech,0,0.02787559772351365,Bronze Tier,1,3308.0967567904286,NEGATIVE_ROI|ANOMALOUS_CAMPAIGN,P4_REVIEW_REQUIRED,Flag for manual audit; Consider platform switch
INF-055,Instagram,Skincare,232864,4.98,1112.0,12,2438.55,292,17214.8,Yes,1,High ROI,Macro,7.059441061286419,8.351198630136986,0.07392641198296,0.0012539508039027072,0.5963215845481946,0.004775319499793871,0.2623724364086275,2.5649493574615367,15.480935251798561,Elite,Healthy,Instagram_Skincare,1,0.9986481705025442,Silver Tier,0,17118.304181724576,HIGH_ROI_CONFIRMED|LOW_COST_PER_CONVERSION,P2_RECOMMENDED,Prioritise for next campaign cycle
INF-056,Youtube,Fashion,198926,4.08,858.0,1,2966.23,363,17712.9,Yes,1,High ROI,Macro,5.9715194034178065,8.171432506887053,0.08904265907925561,0.00182479917155123,0.4993004588315808,0.004313161678211998,0.24905221734291913,0.6931471805599453,20.644405594405598,Elite,Healthy,Youtube_Fashion,1,0.9971989658435794,Silver Tier,0,17810.191345611278,HIGH_ROI_CONFIRMED|LOW_COST_PER_CONVERSION|INEXPERIENCED_INFLUENCER,P2_RECOMMENDED,Prioritise for next campaign cycle
INF-057,Tiktok,Fitness,181334,5.62,1386.0,14,2926.11,383,21722.82,Yes,1,High ROI,Macro,7.423787895875411,7.639973890339426,0.11979452281425436,0.002112124587777251,0.7356046081657901,0.007643354252374072,0.36966942995296503,2.70805020110221,15.673030303030302,Elite,Elite,Tiktok_Fitness,1,0.9996414345790651,Silver Tier,0,21690.738657425547,HIGH_ROI_CONFIRMED|STRONG_ENGAGEMENT|LOW_COST_PER_CONVERSION,P1_STRATEGIC_PARTNER,Prioritise for next campaign cycle
INF-058,Tiktok,Fitness,178152,5.03,927.0,13,2186.75,365,20942.6,Yes,1,High ROI,Macro,9.577043557791242,5.991095890410959,0.11755467241456732,0.002048812250213301,0.8395792843260547,0.005203421797117068,0.30416395127757556,2.6390573296152584,22.59180151024811,Elite,Elite,Tiktok_Fitness,1,0.999625779088799,Silver Tier,0,20767.422729342496,HIGH_ROI_CONFIRMED|STRONG_ENGAGEMENT|LOW_COST_PER_CONVERSION,P1_STRATEGIC_PARTNER,Prioritise for next campaign cycle
INF-059,Tiktok,Fashion,142396,3.96,385.0,3,2235.77,96,5033.45,Yes,1,High ROI,Macro,2.2513272832178624,23.289270833333333,0.03534825416444282,0.0006741762409056434,0.17003537931003634,0.002703727632798674,0.16903699490434154,1.3862943611198906,13.073896103896104,Elite,Healthy,Tiktok_Fashion,1,0.8281196688194719,Bronze Tier,0,5020.061870202745,LOW_COST_PER_CONVERSION,P3_MONITOR,A/B test with smaller budget first
INF-060,Tiktok,Fitness,101267,7.92,641.0,6,1040.29,180,9143.14,Yes,1,High ROI,Macro,8.789029982024243,5.779388888888889,0.09028745790830181,0.0017774793368027096,1.3703871035961126,0.006329801416058539,0.40413536930408617,1.9459101490553132,14.26386895475819,Elite,Elite,Tiktok_Fitness,1,0.999309765384388,Silver Tier,0,9217.026092347225,HIGH_ROI_CONFIRMED|STRONG_ENGAGEMENT|LOW_COST_PER_CONVERSION,P1_STRATEGIC_PARTNER,Prioritise for next campaign cycle
INF-061,Tiktok,Fashion,176981,4.29,614.0,2,2606.22,145,7504.02,Yes,1,High ROI,Macro,2.879273430485531,17.973931034482757,0.042400144648295585,0.0008192969866821862,0.23867900637705183,0.0034692989642956026,0.1992385403348132,1.0986122886681098,12.221530944625409,Elite,Healthy,Tiktok_Fashion,1,0.9428193812867333,Bronze Tier,0,7466.382913042407,LOW_COST_PER_CONVERSION,P3_MONITOR,A/B test with smaller budget first
INF-062,Tiktok,Skincare,230411,5.12,1058.0,1,2414.56,344,16651.14,Yes,1,High ROI,Macro,6.896138426876947,7.01906976744186,0.07226712266341451,0.0014929842759243265,0.7294413889072957,0.004591794662581214,0.273166717327917,0.6931471805599453,15.738317580340263,Elite,Elite,Tiktok_Skincare,1,0.9981893487439837,Silver Tier,0,16650.19376054478,HIGH_ROI_CONFIRMED|STRONG_ENGAGEMENT|LOW_COST_PER_CONVERSION|INEXPERIENCED_INFLUENCER,P1_STRATEGIC_PARTNER,Prioritise for next campaign cycle
INF-063,Instagram,Fitness,29870,8.81,243.0,10,611.57,93,5425.7,Yes,1,High ROI,Micro,8.87175629936066,6.576021505376344,0.18164378975560763,0.003113491797790425,1.3397158133983027,0.00813525276196853,0.5194032308067684,2.3978952727983707,22.32798353909465,Elite,Elite,Instagram_Fitness,1,0.9997092147447538,Gold Tier,0,5346.79367555433,HIGH_ROI_CONFIRMED|STRONG_ENGAGEMENT|LOW_COST_PER_CONVERSION,P1_STRATEGIC_PARTNER,Prioritise for next campaign cycle
INF-064,Tiktok,Fitness,175650,4.97,1134.0,9,1520.4,176,9109.64,Yes,1,High ROI,Macro,5.991607471717968,8.638636363636364,0.051862453743239396,0.0010019925989183033,0.5753222836095764,0.006456020495303159,0.28239296875680975,2.302585092994046,8.033192239858906,Elite,Healthy,Tiktok_Fitness,1,0.9975068709847795,Silver Tier,0,9129.060587184313,HIGH_ROI_CONFIRMED|LOW_COST_PER_CONVERSION,P2_RECOMMENDED,Prioritise for next campaign cycle
INF-065,Tiktok,Fitness,213196,6.55,1186.0,6,2723.03,492,28652.55,Yes,1,High ROI,Macro,10.522304197897194,5.534613821138212,0.1343953451284264,0.0023077356047955873,1.1834610709393578,0.005562956153023509,0.36888744383482086,1.9459101490553132,24.15897976391231,Elite,Elite,Tiktok_Fitness,1,0.9998171977798238,Silver Tier,0,28657.803374564068,HIGH_ROI_CONFIRMED|STRONG_ENGAGEMENT|LOW_COST_PER_CONVERSION,P1_STRATEGIC_PARTNER,Prioritise for next campaign cycle
INF-066,Instagram,Tech,244677,6.72,1591.0,0,3372.81,202,9410.25,Yes,1,High ROI,Macro,2.7900326434041647,16.69707920792079,0.038459887933888354,0.0008255782112744557,0.40246559990037983,0.006502450168998312,0.33085749857969676,0.0,5.914676304211188,Elite,Elite,Instagram_Tech,1,0.9840861634094944,Bronze Tier,0,10254.294968638455,STRONG_ENGAGEMENT|LOW_COST_PER_CONVERSION|INEXPERIENCED_INFLUENCER,P2_RECOMMENDED,A/B test with smaller budget first
INF-067,Tiktok,Fashion,36790,10.15,420.0,13,541.94,76,4546.63,Yes,1,High ROI,Micro,8.389544968077645,7.130789473684211,0.12358331068225062,0.002065778744223974,1.4234048049599586,0.011416145691764067,0.5783925949325067,2.6390573296152584,10.825309523809524,Elite,Elite,Tiktok_Fashion,1,0.9996038237305604,Silver Tier,0,4192.182151483911,HIGH_ROI_CONFIRMED|STRONG_ENGAGEMENT|LOW_COST_PER_CONVERSION,P1_STRATEGIC_PARTNER,Prioritise for next campaign cycle
INF-068,Instagram,Fashion,128874,5.96,674.0,14,1423.8,209,10794.66,Yes,1,High ROI,Macro,7.5815844922039615,6.81244019138756,0.0837613482936822,0.0016217390629607214,0.8748700660205085,0.005229914490122135,0.31635408302139906,2.70805020110221,16.01581602373887,Elite,Elite,Instagram_Fashion,1,0.9990611687599833,Silver Tier,0,10848.42823677328,HIGH_ROI_CONFIRMED|STRONG_ENGAGEMENT|LOW_COST_PER_CONVERSION,P1_STRATEGIC_PARTNER,Prioritise for next campaign cycle
INF-069,Tiktok,Fitness,35289,8.45,398.0,7,518.97,101,4617.46,Yes,1,High ROI,Micro,8.897354375012043,5.138316831683168,0.13084700614922498,0.0028620816685086003,1.6445073896371658,0.011278302020459633,0.5551186174606703,2.0794415416798357,11.601658291457287,Elite,Elite,Tiktok_Fitness,1,0.9996490209496869,Gold Tier,0,5102.883402211545,HIGH_ROI_CONFIRMED|STRONG_ENGAGEMENT|LOW_COST_PER_CONVERSION,P1_STRATEGIC_PARTNER,Prioritise for next campaign cycle
INF-070,Youtube,Fashion,196201,3.28,699.0,2,2250.46,238,10845.74,Yes,1,High ROI,Macro,4.8193436008638235,9.455714285714286,0.05527871927258271,0.0012130417276160672,0.3468801933826862,0.0035626729731245,0.18536613509602826,1.0986122886681098,15.516080114449213,Elite,Healthy,Youtube_Fashion,1,0.9913588770246059,Silver Tier,0,11487.313757291897,HIGH_ROI_CONFIRMED|LOW_COST_PER_CONVERSION,P2_RECOMMENDED,Prioritise for next campaign cycle
INF-071,Instagram,Fitness,234786,2.49,464.0,11,2917.45,210,11800.55,Yes,1,High ROI,Macro,4.0448165349877465,13.892619047619046,0.05026087586142274,0.000894431524877974,0.1792318634423898,0.001976267750206571,0.11872707935100006,2.4849066497880004,25.432219827586206,Elite,Healthy,Instagram_Fitness,1,0.9818394029630815,Bronze Tier,0,11784.94094083683,HIGH_ROI_CONFIRMED|LOW_COST_PER_CONVERSION,P2_RECOMMENDED,Prioritise for next campaign cycle
INF-072,Tiktok,Fitness,235318,3.0,857.0,11,2303.79,255,13995.81,Yes,1,High ROI,Macro,6.07512403474275,9.034470588235294,0.059476155670199475,0.0010836400105389303,0.3320615160235959,0.003641880349144562,0.172759121074624,2.4849066497880004,16.331166861143522,Elite,Healthy,Tiktok_Fitness,1,0.9961416937384202,Silver Tier,0,13966.227722665302,HIGH_ROI_CONFIRMED|LOW_COST_PER_CONVERSION,P2_RECOMMENDED,Prioritise for next campaign cycle
INF-073,Tiktok,Fitness,25485,12.23,320.0,12,433.51,157,8954.02,Yes,1,High ROI,Micro,20.65470231367212,2.7612101910828026,0.3513447125760251,0.006160486560721994,4.429217319092985,0.012556405728860114,0.8313650605881523,2.5649493574615367,27.9813125,Elite,Elite,Tiktok_Fitness,1,0.9999977445074264,Gold Tier,1,8920.553675347022,HIGH_ROI_CONFIRMED|STRONG_ENGAGEMENT|ELITE_AUDIENCE_QUALITY|LOW_COST_PER_CONVERSION|HIGH_CONVERSION_RATE|ANOMALOUS_CAMPAIGN,P1_STRATEGIC_PARTNER,Prioritise for next campaign cycle; Flag for manual audit
INF-074,Instagram,Skincare,54482,8.18,461.0,1,619.13,47,2189.28,Yes,1,High ROI,Macro,3.5360586629625446,13.172978723404254,0.04018354685951324,0.0008626702397121985,0.6209681327023403,0.008461510223560075,0.4137858775455714,0.6931471805599453,4.748980477223427,Elite,Elite,Instagram_Skincare,1,0.9866557469359254,Silver Tier,0,2460.193006422764,HIGH_ROI_CONFIRMED|STRONG_ENGAGEMENT|LOW_COST_PER_CONVERSION|INEXPERIENCED_INFLUENCER,P1_STRATEGIC_PARTNER,Prioritise for next campaign cycle
INF-075,Instagram,Fashion,96188,5.47,516.0,2,1592.33,124,5646.16,Yes,1,High ROI,Macro,3.545847908410945,12.841370967741934,0.05869921403917328,0.0012891420967272424,0.4259669792065715,0.005364494531542396,0.2898880258573511,1.0986122886681098,10.942170542635658,Elite,Elite,Instagram_Fashion,1,0.9854440589019691,Silver Tier,0,5717.279556357564,HIGH_ROI_CONFIRMED|STRONG_ENGAGEMENT|LOW_COST_PER_CONVERSION,P1_STRATEGIC_PARTNER,Prioritise for next campaign cycle
INF-076,Instagram,Skincare,14748,9.65,141.0,4,233.05,60,3157.72,Yes,1,High ROI,Micro,13.549538725595363,3.8841666666666668,0.2141117439652834,0.0040683482506102524,2.4844453979832655,0.009560618388934093,0.6106319967207522,1.6094379124341003,22.395177304964538,Elite,Elite,Instagram_Skincare,1,0.9999068786805634,Gold Tier,0,3124.410466957524,HIGH_ROI_CONFIRMED|STRONG_ENGAGEMENT|LOW_COST_PER_CONVERSION,P1_STRATEGIC_PARTNER,Prioritise for next campaign cycle
INF-077,Instagram,Fashion,227841,3.89,1121.0,10,2492.31,302,15345.81,Yes,1,High ROI,Macro,6.157263743274312,8.252682119205298,0.06735315417330506,0.001325485755417155,0.4713619092328001,0.004920097787492155,0.23378534616419144,2.3978952727983707,13.689393398751115,Elite,Healthy,Instagram_Fashion,1,0.9980327543615116,Silver Tier,0,15407.856944694791,HIGH_ROI_CONFIRMED|LOW_COST_PER_CONVERSION,P2_RECOMMENDED,Prioritise for next campaign cycle
INF-078,Tiktok,Skincare,150507,5.84,529.0,7,1443.21,330,17136.64,Yes,1,High ROI,Macro,11.873975374339146,4.373363636363637,0.11385942182091198,0.0021925890490143317,1.3353566009104705,0.003514786687662368,0.30464418801802995,2.0794415416798357,32.394404536862005,Elite,Elite,Tiktok_Skincare,1,0.999689591906846,Silver Tier,0,17233.15625975532,HIGH_ROI_CONFIRMED|STRONG_ENGAGEMENT|LOW_COST_PER_CONVERSION,P1_STRATEGIC_PARTNER,Prioritise for next campaign cycle
INF-079,Tiktok,Fashion,13709,10.82,123.0,9,330.48,68,4071.42,Yes,1,High ROI,Micro,12.319716775599128,4.86,0.2969888394485375,0.004960245094463491,2.2263374485596708,0.008972208038514845,0.6729493687266002,2.302585092994046,33.1009756097561,Elite,Elite,Tiktok_Fashion,1,0.9999686604825033,Gold Tier,0,4028.8416686880746,HIGH_ROI_CONFIRMED|STRONG_ENGAGEMENT|LOW_COST_PER_CONVERSION,P1_STRATEGIC_PARTNER,Prioritise for next campaign cycle
INF-080,Tiktok,Fashion,133961,6.35,489.0,6,2006.9,347,20667.75,Yes,1,High ROI,Macro,10.29834570730978,5.783573487031701,0.1542818432230276,0.0025903061338747846,1.0979371169465344,0.0036503161367860797,0.33931326406533807,1.9459101490553132,42.265337423312886,Elite,Elite,Tiktok_Fashion,1,0.999721256749422,Silver Tier,0,20554.325130199297,HIGH_ROI_CONFIRMED|STRONG_ENGAGEMENT|LOW_COST_PER_CONVERSION,P1_STRATEGIC_PARTNER,Prioritise for next campaign cycle
INF-081,Youtube,Skincare,40355,10.02,506.0,6,580.55,83,4908.18,Yes,1,High ROI,Micro,8.454362242700888,6.994578313253012,0.12162507743774006,0.0020567463759137653,1.4325381104125399,0.012538718870028498,0.5943989750391765,1.9459101490553132,9.6999604743083,Elite,Elite,Youtube_Skincare,1,0.999486414208312,Silver Tier,0,4999.860312298374,HIGH_ROI_CONFIRMED|STRONG_ENGAGEMENT|LOW_COST_PER_CONVERSION,P1_STRATEGIC_PARTNER,Prioritise for next campaign cycle
INF-082,Instagram,Fashion,196843,3.32,504.0,11,2098.82,304,17254.32,Yes,1,High ROI,Macro,8.22096225498137,6.904013157894737,0.08765523793073668,0.0015443780068379368,0.4808797324210746,0.0025604161692313163,0.1818810755697259,2.4849066497880004,34.2347619047619,Elite,Healthy,Instagram_Fashion,1,0.9985852398287832,Silver Tier,0,17266.389003428445,HIGH_ROI_CONFIRMED|LOW_COST_PER_CONVERSION,P2_RECOMMENDED,Prioritise for next campaign cycle
INF-083,Tiktok,Skincare,198871,7.1,1796.125,6,2828.59,764,34524.9125,Yes,1,High ROI,Macro,12.205697008049945,3.702342931937173,0.1736045602425693,0.003841686319272292,1.9177045807275,0.009031608429585008,0.5118746640266304,1.9459101490553132,19.22188739647853,Elite,Elite,Tiktok_Skincare,1,0.9999841886845177,Gold Tier,0,34463.80360525728,HIGH_ROI_CONFIRMED|STRONG_ENGAGEMENT|LOW_COST_PER_CONVERSION,P1_STRATEGIC_PARTNER,Prioritise for next campaign cycle
INF-084,Tiktok,Skincare,154188,6.06,959.0,14,2251.05,506,25898.07,Yes,1,High ROI,Macro,11.504884387285932,4.448715415019763,0.16796423846213712,0.003281708044724622,1.3621909775438126,0.006219679871325914,0.40523564344008983,2.70805020110221,27.005286757038583,Elite,Elite,Tiktok_Skincare,1,0.9999357593336903,Gold Tier,0,25897.460488525772,HIGH_ROI_CONFIRMED|STRONG_ENGAGEMENT|LOW_COST_PER_CONVERSION,P1_STRATEGIC_PARTNER,Prioritise for next campaign cycle
INF-085,Tiktok,Fitness,166542,5.94,1286.0,7,1724.65,244,12991.59,Yes,1,High ROI,Macro,7.532884933174847,7.068237704918033,0.07800788990164643,0.0014650958917270117,0.8403792073754095,0.007721775888364497,0.3547246639579177,2.0794415416798357,10.102325038880249,Elite,Elite,Tiktok_Fitness,1,0.9991430428519015,Silver Tier,0,12115.550088586737,HIGH_ROI_CONFIRMED|STRONG_ENGAGEMENT|LOW_COST_PER_CONVERSION,P1_STRATEGIC_PARTNER,Prioritise for next campaign cycle
INF-086,Tiktok,Fashion,183416,3.69,1000.0,0,2690.91,160,9193.28,Yes,1,High ROI,Macro,3.4164204674255183,16.8181875,0.05012256291708466,0.0008723339294281851,0.21940533128198267,0.005452087058926157,0.21872337661489333,0.0,9.193280000000001,Elite,Healthy,Tiktok_Fashion,1,0.9589736271539666,Bronze Tier,0,9107.016881936132,HIGH_ROI_CONFIRMED|LOW_COST_PER_CONVERSION|INEXPERIENCED_INFLUENCER,P2_RECOMMENDED,Prioritise for next campaign cycle
INF-087,Instagram,Skincare,52918,9.23,654.0,3,903.4,169,7779.19,Yes,1,High ROI,Macro,8.61101394731016,5.345562130177514,0.14700461090744169,0.003193620318228202,1.7266659287137482,0.012358743716693753,0.6127560922657631,1.3862943611198906,11.894785932721712,Elite,Elite,Instagram_Skincare,1,0.9997657764474064,Gold Tier,0,7838.3065476876645,HIGH_ROI_CONFIRMED|STRONG_ENGAGEMENT|LOW_COST_PER_CONVERSION,P1_STRATEGIC_PARTNER,Prioritise for next campaign cycle
INF-088,Instagram,Fashion,62224,9.23,785.0,12,760.15,206,10581.08,Yes,1,High ROI,Macro,13.919726369795436,3.6900485436893202,0.17004821290820263,0.0033106196965800977,2.5013221074787872,0.012615710979686294,0.6222097702539071,2.5649493574615367,13.47908280254777,Elite,Elite,Instagram_Fashion,1,0.9999549494130818,Gold Tier,0,10578.661504077252,HIGH_ROI_CONFIRMED|STRONG_ENGAGEMENT|LOW_COST_PER_CONVERSION,P1_STRATEGIC_PARTNER,Prioritise for next campaign cycle
INF-089,Youtube,Fitness,49298,6.87,307.0,5,878.02,146,6750.93,Yes,1,High ROI,Micro,7.688811188811189,6.013835616438356,0.13694125522333564,0.0029615805915047264,1.1423657775449307,0.006227433161588705,0.4176886762424581,1.791759469228055,21.990000000000002,Elite,Elite,Youtube_Fitness,1,0.9993238874485366,Silver Tier,0,6860.707574424881,HIGH_ROI_CONFIRMED|STRONG_ENGAGEMENT|LOW_COST_PER_CONVERSION,P1_STRATEGIC_PARTNER,Prioritise for next campaign cycle
INF-090,Instagram,Skincare,249564,0.52,136.0,8,3524.07,47,2477.83,No,0,Low ROI,Macro,0.7031159993984228,74.98021276595745,0.009928635540382426,0.0001883284448077447,0.006935163035921534,0.00054495039348624,0.002142773101258811,2.1972245773362196,18.219338235294117,Fair,Low,Instagram_Skincare,0,0.0003721207976654354,Bronze Tier,1,2469.425264139599,NEGATIVE_ROI|POOR_ENGAGEMENT|ANOMALOUS_CAMPAIGN,P5_DO_NOT_REBOOK,Review campaign brief — content-audience mismatch; Flag for manual audit; Consider platform switch
INF-091,Tiktok,Fashion,90219,7.91,537.0,12,1171.34,118,6901.05,Yes,1,High ROI,Macro,5.891585705260642,9.926610169491525,0.07649220230771789,0.0013079284851306265,0.7968480543650862,0.0059521830213148,0.37778793025279706,2.5649493574615367,12.851117318435755,Elite,Elite,Tiktok_Fashion,1,0.9978391040215542,Silver Tier,0,6817.575436259788,HIGH_ROI_CONFIRMED|STRONG_ENGAGEMENT|LOW_COST_PER_CONVERSION,P1_STRATEGIC_PARTNER,Prioritise for next campaign cycle
INF-092,Instagram,Skincare,71629,7.26,361.0,1,773.92,185,10496.4,Yes,1,High ROI,Macro,13.562642133553856,4.183351351351351,0.14653841321252564,0.002582752795655391,1.7354506925780442,0.005039858158008627,0.3928189924160819,0.6931471805599453,29.07590027700831,Elite,Elite,Instagram_Skincare,1,0.9996722642128907,Gold Tier,0,10389.486606993429,HIGH_ROI_CONFIRMED|STRONG_ENGAGEMENT|LOW_COST_PER_CONVERSION|INEXPERIENCED_INFLUENCER,P1_STRATEGIC_PARTNER,Prioritise for next campaign cycle
INF-093,Instagram,Skincare,76040,8.26,631.0,0,823.95,130,6294.29,Yes,1,High ROI,Macro,7.639164997876084,6.338076923076923,0.08277603892688058,0.0017096265123619147,1.3032344195642938,0.008298264071541293,0.44787137939024435,0.0,9.975103011093502,Elite,Elite,Instagram_Skincare,1,0.9985513604468801,Silver Tier,0,6281.3255055480895,HIGH_ROI_CONFIRMED|STRONG_ENGAGEMENT|LOW_COST_PER_CONVERSION|INEXPERIENCED_INFLUENCER,P1_STRATEGIC_PARTNER,Prioritise for next campaign cycle
INF-094,Instagram,Fashion,240590,1.33,350.0,15,3581.4,140,8349.58,Yes,1,High ROI,Macro,2.3313732060088235,25.58142857142857,0.034704601188744334,0.0005819028222286878,0.05199084157033563,0.0014547570555717194,0.06014280292391502,2.772588722239781,23.855942857142857,Good,Low,Instagram_Fashion,1,0.7986233676051142,Bronze Tier,1,8231.653416843546,LOW_COST_PER_CONVERSION|ANOMALOUS_CAMPAIGN,P3_MONITOR,Flag for manual audit
INF-095,Instagram,Fashion,240907,0.91,183.0,12,3768.34,106,5831.09,No,0,Low ROI,Macro,1.547389566758838,35.550377358490564,0.024204734607130553,0.0004400038189010697,0.025597477934581274,0.0007596292345178844,0.028536667913394192,2.5649493574615367,31.863879781420767,Good,Low,Instagram_Fashion,0,0.33564203487578237,Bronze Tier,1,5876.341349596775,LOW_COST_PER_CONVERSION|POOR_ENGAGEMENT|ANOMALOUS_CAMPAIGN,P3_MONITOR,Review campaign brief — content-audience mismatch; Flag for manual audit
INF-096,Instagram,Fashion,38016,9.25,376.0,9,690.74,67,3025.48,Yes,1,High ROI,Micro,4.380056171642007,10.30955223880597,0.07958438552188553,0.001762415824915825,0.8972261632452153,0.00989057239057239,0.5100380154662654,2.302585092994046,8.046489361702127,Elite,Elite,Instagram_Fashion,1,0.9977933315191403,Silver Tier,0,3278.468630509434,HIGH_ROI_CONFIRMED|STRONG_ENGAGEMENT|LOW_COST_PER_CONVERSION,P1_STRATEGIC_PARTNER,Prioritise for next campaign cycle
INF-097,Instagram,Fitness,33960,8.52,401.0,11,634.05,106,5176.11,Yes,1,High ROI,Micro,8.163567541991956,5.981603773584905,0.1524178445229682,0.0031213191990577148,1.4243671634729123,0.011808009422850412,0.5775355642406154,2.4849066497880004,12.908004987531172,Elite,Elite,Instagram_Fitness,1,0.9997220007930151,Gold Tier,0,5943.758198615006,HIGH_ROI_CONFIRMED|STRONG_ENGAGEMENT|LOW_COST_PER_CONVERSION,P1_STRATEGIC_PARTNER,Prioritise for next campaign cycle
INF-098,Tiktok,Tech,43591,5.61,258.0,13,787.4,55,2690.09,Yes,1,High ROI,Micro,3.416421132842266,14.316363636363636,0.06171205065265766,0.001261728338418481,0.3918592837185675,0.005918652932944874,0.3032485345077607,2.6390573296152584,10.42670542635659,Elite,Elite,Tiktok_Tech,1,0.9877244231362682,Silver Tier,0,2632.5422518324694,HIGH_ROI_CONFIRMED|STRONG_ENGAGEMENT|LOW_COST_PER_CONVERSION,P1_STRATEGIC_PARTNER,Prioritise for next campaign cycle
INF-099,Tiktok,Fashion,223920,5.74,1569.0,1,2912.31,155,7136.02,Yes,1,High ROI,Macro,2.4502954699190678,18.78909677419355,0.031868613790639516,0.0006922115041086102,0.3054963242237262,0.007006966773847803,0.3039090573605768,0.6931471805599453,4.548132568514978,Elite,Elite,Tiktok_Fashion,1,0.9731464056847532,Bronze Tier,0,8588.894939450594,STRONG_ENGAGEMENT|LOW_COST_PER_CONVERSION|INEXPERIENCED_INFLUENCER,P2_RECOMMENDED,A/B test with smaller budget first
INF-100,Tiktok,Skincare,113333,4.87,720.0,6,1483.84,222,13186.22,Yes,1,High ROI,Macro,8.886551110631874,6.683963963963963,0.11634934220394766,0.0019588292906743843,0.7286095535906837,0.006352959861646652,0.3164192566929076,1.9459101490553132,18.314194444444443,Elite,Healthy,Tiktok_Skincare,1,0.9989552793843809,Silver Tier,0,13053.401488172625,HIGH_ROI_CONFIRMED|LOW_COST_PER_CONVERSION,P2_RECOMMENDED,Prioritise for next campaign cycle
INF-101,Tiktok,Fitness,124821,10.36,1796.125,2,1267.54,317,16539.1,Yes,1,High ROI,Macro,13.048187828392003,3.9985488958990536,0.13250254364249603,0.002539636759840091,2.590939930889755,0.014389605915671242,0.6584619472199992,1.0986122886681098,9.208212123321038,Elite,Elite,Tiktok_Fitness,1,0.9999630854340114,Gold Tier,0,16747.582031330036,HIGH_ROI_CONFIRMED|STRONG_ENGAGEMENT|LOW_COST_PER_CONVERSION,P1_STRATEGIC_PARTNER,Prioritise for next campaign cycle
INF-102,Instagram,Skincare,208713,3.22,741.0,9,3077.91,334,19518.03,Yes,1,High ROI,Macro,6.34132576975935,9.215299401197605,0.0935161202225065,0.0016002836430888349,0.34941892388016543,0.0035503298788288223,0.19906011347478042,2.302585092994046,26.340121457489875,Elite,Healthy,Instagram_Skincare,1,0.9973580833576884,Silver Tier,0,17973.048732884086,HIGH_ROI_CONFIRMED|LOW_COST_PER_CONVERSION,P2_RECOMMENDED,Prioritise for next campaign cycle
INF-103,Tiktok,Fashion,46395,9.3,563.0,1,598.76,120,5979.99,Yes,1,High ROI,Micro,9.987290400160331,4.9896666666666665,0.12889298415777561,0.0025864856126737797,1.8638519607188189,0.012134928332794483,0.586102973178817,0.6931471805599453,10.62165186500888,Elite,Elite,Tiktok_Fashion,1,0.999636475782535,Gold Tier,0,5943.069824800352,HIGH_ROI_CONFIRMED|STRONG_ENGAGEMENT|LOW_COST_PER_CONVERSION|INEXPERIENCED_INFLUENCER,P1_STRATEGIC_PARTNER,Prioritise for next campaign cycle
INF-104,Instagram,Skincare,139695,8.56,1749.0,13,2215.56,362,16970.02,Yes,1,High ROI,Macro,7.659472097347849,6.120331491712707,0.12147907942302874,0.0025913597480224774,1.3986170539276752,0.012520133147213572,0.5701387419146788,2.6390573296152584,9.702698684962836,Elite,Elite,Instagram_Skincare,1,0.9999191818249336,Silver Tier,0,16994.597589353336,HIGH_ROI_CONFIRMED|STRONG_ENGAGEMENT|LOW_COST_PER_CONVERSION,P1_STRATEGIC_PARTNER,Prioritise for next campaign cycle
INF-105,Youtube,Skincare,163772,7.63,1796.125,10,1724.25,415,21627.74,Yes,1,High ROI,Macro,12.543273887197333,4.154819277108434,0.1320600591065628,0.0025340106977993796,1.8364216325938814,0.010967228830325085,0.5103832056850217,2.3978952727983707,12.041333426125687,Elite,Elite,Youtube_Skincare,1,0.999957933282004,Gold Tier,0,19317.741108165457,HIGH_ROI_CONFIRMED|STRONG_ENGAGEMENT|LOW_COST_PER_CONVERSION,P1_STRATEGIC_PARTNER,Prioritise for next campaign cycle
INF-106,Tiktok,Tech,44620,11.73,335.0,6,503.51,70,3269.65,Yes,1,High ROI,Micro,6.493714126829656,7.193,0.07327767817122367,0.0015688032272523531,1.6307521201167803,0.007507844016136262,0.5364215276716499,1.9459101490553132,9.760149253731344,Elite,Elite,Tiktok_Tech,1,0.9990680806208182,Silver Tier,0,3274.823864908737,HIGH_ROI_CONFIRMED|STRONG_ENGAGEMENT|LOW_COST_PER_CONVERSION,P1_STRATEGIC_PARTNER,Prioritise for next campaign cycle
INF-107,Tiktok,Fitness,244286,0.88,194.0,12,2336.41,135,7059.18,Yes,1,High ROI,Macro,3.021378953180307,17.30674074074074,0.028897194272287402,0.0005526309325954005,0.050847239996404746,0.0007941511179519089,0.03282057646230765,2.5649493574615367,36.387525773195875,Elite,Low,Tiktok_Fitness,1,0.9444679494083434,Bronze Tier,0,7043.229758515414,HIGH_ROI_CONFIRMED|LOW_COST_PER_CONVERSION|POOR_ENGAGEMENT,P2_RECOMMENDED,Prioritise for next campaign cycle; Review campaign brief — content-audience mismatch
INF-108,Instagram,Fashion,138148,4.43,504.0,12,1786.28,281,16524.05,Yes,1,High ROI,Macro,9.250537429742257,6.356868327402135,0.11961121406028317,0.002034050438659988,0.6968840271402019,0.0036482612849986973,0.25644146680709345,2.5649493574615367,32.78581349206349,Elite,Healthy,Instagram_Fashion,1,0.9993269279276822,Silver Tier,0,16580.0154635755,HIGH_ROI_CONFIRMED|LOW_COST_PER_CONVERSION,P2_RECOMMENDED,Prioritise for next campaign cycle
INF-109,Tiktok,Fashion,30559,9.48,170.0,1,591.41,116,6126.14,Yes,1,High ROI,Micro,10.358532997412963,5.098362068965517,0.20046925619293826,0.003795935730881246,1.859420706447304,0.00556300926077424,0.5213797156383418,0.6931471805599453,36.03611764705882,Elite,Elite,Tiktok_Fashion,1,0.9998172319263142,Gold Tier,0,6110.87582610772,HIGH_ROI_CONFIRMED|STRONG_ENGAGEMENT|LOW_COST_PER_CONVERSION|INEXPERIENCED_INFLUENCER,P1_STRATEGIC_PARTNER,Prioritise for next campaign cycle
INF-110,Tiktok,Skincare,234117,4.7,1246.0,15,2176.41,384,20831.04,Yes,1,High ROI,Macro,9.571284822253162,5.667734374999999,0.08897704993657019,0.0016402055382565128,0.8292555171130441,0.005322125262155247,0.2793195100622338,2.772588722239781,16.71833065810594,Elite,Healthy,Tiktok_Skincare,1,0.9996450798988612,Silver Tier,0,20828.320461245967,HIGH_ROI_CONFIRMED|LOW_COST_PER_CONVERSION,P2_RECOMMENDED,Prioritise for next campaign cycle
INF-111,Tiktok,Skincare,103396,7.09,906.0,15,1563.13,402,19034.53,Yes,1,High ROI,Macro,12.177189357251155,3.888383084577115,0.18409348524120855,0.003887964718170916,1.8233800131786861,0.008762427946922512,0.5085464959309054,2.772588722239781,21.009415011037525,Elite,Elite,Tiktok_Skincare,1,0.9999619258143977,Gold Tier,0,19042.43814667808,HIGH_ROI_CONFIRMED|STRONG_ENGAGEMENT|LOW_COST_PER_CONVERSION,P1_STRATEGIC_PARTNER,Prioritise for next campaign cycle
INF-112,Tiktok,Skincare,202714,1.87,511.0,2,2490.22,163,7441.93,Yes,1,High ROI,Macro,2.9884628667346664,15.277423312883434,0.03671147528044437,0.0008040885187998855,0.12240283990972686,0.0025207928411456536,0.10553902128887968,1.0986122886681098,14.563463796477496,Elite,Low,Tiktok_Skincare,1,0.9400174066774056,Bronze Tier,0,7642.971141868719,LOW_COST_PER_CONVERSION,P3_MONITOR,A/B test with smaller budget first
INF-113,Youtube,Fashion,217611,4.65,630.0,10,3215.93,433,20204.7,Yes,1,High ROI,Macro,6.282692720301748,7.4270900692840645,0.09284778802542151,0.0019897891191162213,0.6260863886962714,0.0028950742379751024,0.24780810553777652,2.3978952727983707,32.070952380952384,Elite,Healthy,Youtube_Fashion,1,0.9989591395010979,Silver Tier,0,20223.65252826916,HIGH_ROI_CONFIRMED|LOW_COST_PER_CONVERSION,P2_RECOMMENDED,Prioritise for next campaign cycle
INF-114,Instagram,Fitness,31732,8.82,385.0,6,557.77,28,1511.38,Yes,1,High ROI,Micro,2.7096832027538236,19.920357142857142,0.04762952224883399,0.0008823900163872432,0.44276314609964684,0.012132862725324593,0.5015085804627275,1.9459101490553132,3.925662337662338,Elite,Elite,Instagram_Fitness,1,0.9755440257877401,Silver Tier,0,1409.0327156415635,STRONG_ENGAGEMENT|LOW_COST_PER_CONVERSION,P2_RECOMMENDED,A/B test with smaller budget first
INF-115,Instagram,Fashion,101362,6.85,793.0,13,1586.34,198,9192.18,Yes,1,High ROI,Macro,5.794583758841107,8.011818181818182,0.09068664785619858,0.0019533947633235335,0.8549869510949734,0.00782344468341193,0.40500179749407095,2.6390573296152584,11.591651954602774,Elite,Elite,Instagram_Fashion,1,0.9990601172643887,Silver Tier,0,9370.173863420268,HIGH_ROI_CONFIRMED|STRONG_ENGAGEMENT|LOW_COST_PER_CONVERSION,P1_STRATEGIC_PARTNER,Prioritise for next campaign cycle
INF-116,Youtube,Skincare,171426,1.78,367.0,3,2494.76,150,7595.98,Yes,1,High ROI,Macro,3.044773845981176,16.631733333333333,0.044310547991553206,0.0008750131251968779,0.1070243229809681,0.002140865446315028,0.09869328427560271,1.3862943611198906,20.6974931880109,Elite,Low,Youtube_Skincare,1,0.9315150965983616,Bronze Tier,0,7504.531300998787,HIGH_ROI_CONFIRMED|LOW_COST_PER_CONVERSION,P2_RECOMMENDED,Prioritise for next campaign cycle
INF-117,Instagram,Tech,23843,10.53,354.0,12,466.33,94,5005.63,Yes,1,High ROI,Micro,10.734093882014882,4.960957446808511,0.20994128255672526,0.003942456905590739,2.1225741427744302,0.014847124942331083,0.7293508054585336,2.5649493574615367,14.140197740112995,Elite,Elite,Instagram_Tech,1,0.9999368638271938,Gold Tier,0,5022.184350819918,HIGH_ROI_CONFIRMED|STRONG_ENGAGEMENT|ELITE_AUDIENCE_QUALITY|LOW_COST_PER_CONVERSION,P1_STRATEGIC_PARTNER,Prioritise for next campaign cycle
INF-118,Tiktok,Fitness,124065,6.74,940.0,13,1210.05,275,13978.19,Yes,1,High ROI,Macro,11.55174579562828,4.400181818181818,0.11266827872486197,0.0022165800185386694,1.531754886161729,0.007576673517913996,0.40779854935010285,2.6390573296152584,14.870414893617022,Elite,Elite,Tiktok_Fitness,1,0.9998209405278458,Silver Tier,0,13897.714262154414,HIGH_ROI_CONFIRMED|STRONG_ENGAGEMENT|LOW_COST_PER_CONVERSION,P1_STRATEGIC_PARTNER,Prioritise for next campaign cycle
INF-119,Youtube,Fashion,81726,10.4,710.0,0,1315.03,125,5931.91,Yes,1,High ROI,Macro,4.510855265659338,10.52024,0.07258289895504491,0.0015295010155886744,0.9885706029520239,0.008687565768543671,0.5146458228342969,0.0,8.354802816901408,Elite,Elite,Youtube_Fashion,1,0.9970979645824632,Silver Tier,0,5984.933117018826,HIGH_ROI_CONFIRMED|STRONG_ENGAGEMENT|LOW_COST_PER_CONVERSION|INEXPERIENCED_INFLUENCER,P1_STRATEGIC_PARTNER,Prioritise for next campaign cycle
INF-120,Instagram,Fashion,27640,9.11,333.0,12,702.11,160,7857.1,Yes,1,High ROI,Micro,11.190696614490607,4.3881875,0.28426555716353114,0.005788712011577424,2.076027972824771,0.012047756874095514,0.7092041251074441,2.5649493574615367,23.594894894894896,Elite,Elite,Instagram_Fashion,1,0.9999763274517495,Gold Tier,0,7954.176579876228,HIGH_ROI_CONFIRMED|STRONG_ENGAGEMENT|ELITE_AUDIENCE_QUALITY|LOW_COST_PER_CONVERSION|HIGH_CONVERSION_RATE,P1_STRATEGIC_PARTNER,Prioritise for next campaign cycle
INF-121,Instagram,Fashion,62528,9.1,491.0,13,729.95,79,4655.06,Yes,1,High ROI,Macro,6.377231317213508,9.239873417721519,0.07444760747185261,0.0012634339815762539,0.9848619768477292,0.007852482088024564,0.4478602316908358,2.6390573296152584,9.480773930753564,Elite,Elite,Instagram_Fashion,1,0.9984875931335296,Silver Tier,0,4274.943589444477,HIGH_ROI_CONFIRMED|STRONG_ENGAGEMENT|LOW_COST_PER_CONVERSION,P1_STRATEGIC_PARTNER,Prioritise for next campaign cycle
INF-122,Youtube,Skincare,48413,9.89,255.0,4,785.97,189,10421.41,Yes,1,High ROI,Micro,13.259297428655037,4.158571428571428,0.2152605705079214,0.0039039101067894987,2.378220542768808,0.005267180302811228,0.5332389916807184,1.6094379124341003,40.86827450980392,Elite,Elite,Youtube_Skincare,1,0.999940498403996,Gold Tier,0,10440.207475426248,HIGH_ROI_CONFIRMED|STRONG_ENGAGEMENT|LOW_COST_PER_CONVERSION,P1_STRATEGIC_PARTNER,Prioritise for next campaign cycle
INF-123,Tiktok,Fashion,62638,5.63,469.0,11,1104.25,186,9753.97,Yes,1,High ROI,Macro,8.833117500565994,5.936827956989247,0.15571969092244323,0.0029694434688208437,0.9483178628028074,0.0074874676713815895,0.4021191029848145,2.4849066497880004,20.79737739872068,Elite,Elite,Tiktok_Fashion,1,0.9995792627248984,Silver Tier,0,9846.342135524004,HIGH_ROI_CONFIRMED|STRONG_ENGAGEMENT|LOW_COST_PER_CONVERSION,P1_STRATEGIC_PARTNER,Prioritise for next campaign cycle
INF-124,Tiktok,Fitness,193808,8.5,1392.0,8,2882.14,325,14686.99,Yes,1,High ROI,Macro,5.095862796394346,8.868123076923077,0.07578113390572112,0.0016769173615124246,0.9584891781801024,0.007182366053000908,0.4337292408506528,2.1972245773362196,10.550998563218391,Elite,Elite,Tiktok_Fitness,1,0.9992816004736885,Silver Tier,0,14743.60550575112,HIGH_ROI_CONFIRMED|STRONG_ENGAGEMENT|LOW_COST_PER_CONVERSION,P1_STRATEGIC_PARTNER,Prioritise for next campaign cycle
INF-125,Tiktok,Skincare,248964,2.38,754.0,15,3879.08,454,27188.35,Yes,1,High ROI,Macro,7.008968621425699,8.544229074889868,0.10920594945453961,0.0018235568194598416,0.27855058415913053,0.003028550312494979,0.1723533976025028,2.772588722239781,36.058819628647214,Elite,Healthy,Tiktok_Skincare,1,0.9987619554459274,Silver Tier,0,22882.303319000293,HIGH_ROI_CONFIRMED|LOW_COST_PER_CONVERSION,P2_RECOMMENDED,Prioritise for next campaign cycle
INF-126,Tiktok,Skincare,120133,7.38,764.0,7,1725.4,194,10683.93,Yes,1,High ROI,Macro,6.192146748580039,8.893814432989691,0.088934181282412,0.001614876844830313,0.8297901935783006,0.006359618089950305,0.3811301660796883,2.0794415416798357,13.984201570680629,Elite,Elite,Tiktok_Skincare,1,0.9984207520369353,Silver Tier,0,10992.122221167027,HIGH_ROI_CONFIRMED|STRONG_ENGAGEMENT|LOW_COST_PER_CONVERSION,P1_STRATEGIC_PARTNER,Prioritise for next campaign cycle
INF-127,Instagram,Skincare,116357,7.7,1219.0,11,1417.65,236,11741.91,Yes,1,High ROI,Macro,8.282657919796847,6.00699152542373,0.1009127942452968,0.0020282406731008877,1.2818396642330616,0.010476378730974501,0.4830015765964618,2.4849066497880004,9.632411812961443,Elite,Elite,Instagram_Skincare,1,0.999732127807986,Silver Tier,0,11701.894876894656,HIGH_ROI_CONFIRMED|STRONG_ENGAGEMENT|LOW_COST_PER_CONVERSION,P1_STRATEGIC_PARTNER,Prioritise for next campaign cycle
INF-128,Youtube,Skincare,209938,2.9,438.0,14,2266.65,328,19086.0,Yes,1,High ROI,Macro,8.420356032029646,6.910518292682927,0.09091255513532567,0.0015623660318760777,0.41965014448635646,0.002086330249883299,0.16082393820127966,2.70805020110221,43.57534246575342,Elite,Healthy,Youtube_Skincare,1,0.9989052351430827,Silver Tier,0,19047.78619485509,HIGH_ROI_CONFIRMED|LOW_COST_PER_CONVERSION,P2_RECOMMENDED,Prioritise for next campaign cycle
INF-129,Tiktok,Fitness,160159,8.29,1796.125,8,1928.82,591,28886.0,Yes,1,High ROI,Macro,14.975995686481891,3.2636548223350252,0.18035826897021084,0.0036900829800385867,2.540097054157464,0.011214636704774631,0.5827269973548435,2.1972245773362196,16.082399610272113,Elite,Elite,Tiktok_Fitness,1,0.9999900773928464,Gold Tier,0,28984.911726305287,HIGH_ROI_CONFIRMED|STRONG_ENGAGEMENT|LOW_COST_PER_CONVERSION,P1_STRATEGIC_PARTNER,Prioritise for next campaign cycle
INF-130,Instagram,Fitness,182502,5.29,1235.0,9,2632.06,331,17596.04,Yes,1,High ROI,Macro,6.685273132071458,7.951842900302115,0.09641560092492138,0.0018136787542054333,0.665254591460681,0.006767049128228732,0.33119578058711074,2.302585092994046,14.247805668016195,Elite,Elite,Instagram_Fitness,1,0.9991315756880454,Silver Tier,0,17534.28317594391,HIGH_ROI_CONFIRMED|STRONG_ENGAGEMENT|LOW_COST_PER_CONVERSION,P1_STRATEGIC_PARTNER,Prioritise for next campaign cycle
INF-131,Tiktok,Fashion,165576,5.04,512.0,13,2321.53,328,17889.47,Yes,1,High ROI,Macro,7.705896542366457,7.077835365853659,0.10804385901338359,0.0019809634246509156,0.7120821182582177,0.00309223558969899,0.26325533896089204,2.6390573296152584,34.94037109375,Elite,Elite,Tiktok_Fashion,1,0.9992646972951695,Silver Tier,0,17993.267616918212,HIGH_ROI_CONFIRMED|STRONG_ENGAGEMENT|LOW_COST_PER_CONVERSION,P1_STRATEGIC_PARTNER,Prioritise for next campaign cycle
INF-132,Tiktok,Skincare,148186,6.06,957.0,8,1530.99,235,11354.25,Yes,1,High ROI,Macro,7.416279662179374,6.514851063829787,0.07662161067847165,0.0015858448166493461,0.930182430976035,0.006458099955461379,0.34039262832784145,2.1972245773362196,11.864420062695924,Elite,Elite,Tiktok_Skincare,1,0.9990427328394919,Silver Tier,0,11326.458149667907,HIGH_ROI_CONFIRMED|STRONG_ENGAGEMENT|LOW_COST_PER_CONVERSION,P1_STRATEGIC_PARTNER,Prioritise for next campaign cycle
INF-133,Tiktok,Fashion,88859,8.66,1143.0,14,1497.02,125,7459.49,Yes,1,High ROI,Macro,4.982892680124514,11.97616,0.08394748984345986,0.0014067230106123184,0.7231032317537508,0.01286307520903904,0.5311882355137516,2.70805020110221,6.526237970253718,Elite,Elite,Tiktok_Fashion,1,0.9987893121032865,Silver Tier,0,7372.546209077627,HIGH_ROI_CONFIRMED|STRONG_ENGAGEMENT|LOW_COST_PER_CONVERSION,P1_STRATEGIC_PARTNER,Prioritise for next campaign cycle
INF-134,Tiktok,Fashion,109657,6.95,740.0,6,1557.26,112,6296.96,Yes,1,High ROI,Macro,4.043615067490336,13.904107142857143,0.057424149849074846,0.0010213666250216585,0.49985230468900504,0.006748315201035957,0.35052767728899237,1.9459101490553132,8.509405405405406,Elite,Elite,Tiktok_Fashion,1,0.9911525601443153,Silver Tier,0,6229.341710775858,HIGH_ROI_CONFIRMED|STRONG_ENGAGEMENT|LOW_COST_PER_CONVERSION,P1_STRATEGIC_PARTNER,Prioritise for next campaign cycle
INF-135,Youtube,Skincare,152047,7.07,733.0,3,1962.24,205,10940.28,Yes,1,High ROI,Macro,5.575403620352251,9.57190243902439,0.0719532776049511,0.0013482673120811329,0.7386201484018265,0.004820877754904734,0.33251599039664675,1.3862943611198906,14.925347885402456,Elite,Elite,Youtube_Skincare,1,0.9967835469449454,Silver Tier,0,10866.507188940714,HIGH_ROI_CONFIRMED|STRONG_ENGAGEMENT|LOW_COST_PER_CONVERSION,P1_STRATEGIC_PARTNER,Prioritise for next campaign cycle
INF-136,Tiktok,Fashion,21023,6.88,142.0,4,530.24,34,1622.1,Yes,1,High ROI,Micro,3.059180748340374,15.59529411764706,0.07715835037815726,0.0016172763164153546,0.4411587205793603,0.006754506968558246,0.37275898475553787,1.6094379124341003,11.423239436619717,Elite,Elite,Tiktok_Fashion,1,0.9826910355666054,Silver Tier,0,1668.4086163328438,HIGH_ROI_CONFIRMED|STRONG_ENGAGEMENT|LOW_COST_PER_CONVERSION,P1_STRATEGIC_PARTNER,Prioritise for next campaign cycle
INF-137,Instagram,Fashion,31447,8.0,254.0,0,522.22,63,2885.9,Yes,1,High ROI,Micro,5.526215005170235,8.28920634920635,0.09177028015390976,0.0020033707507870384,0.9651104898318715,0.008077082074601711,0.4476824152233198,0.0,11.361811023622048,Elite,Elite,Instagram_Fashion,1,0.9966630102856442,Silver Tier,0,2821.6269224643556,HIGH_ROI_CONFIRMED|STRONG_ENGAGEMENT|LOW_COST_PER_CONVERSION|INEXPERIENCED_INFLUENCER,P1_STRATEGIC_PARTNER,Prioritise for next campaign cycle
INF-138,Instagram,Fashion,231541,0.5,143.0,13,2342.76,35,1743.03,No,0,Low ROI,Macro,0.7440070685857706,66.936,0.007527954012464315,0.0001511611334493675,0.00746982191944544,0.0006176012023788443,0.0013232855972421804,2.6390573296152584,12.18902097902098,Fair,Low,Instagram_Fashion,0,0.0018000957178167327,Bronze Tier,1,1763.1249932519615,NEGATIVE_ROI|POOR_ENGAGEMENT|ANOMALOUS_CAMPAIGN,P5_DO_NOT_REBOOK,Review campaign brief — content-audience mismatch; Flag for manual audit; Consider platform switch
INF-139,Tiktok,Fashion,135899,9.19,1497.0,0,1576.7,244,13736.67,Yes,1,High ROI,Macro,8.7122914948944,6.461885245901639,0.10107999323026659,0.001795451033488105,1.4221855774719347,0.011015533594802023,0.5299967504888334,0.0,9.176132264529057,Elite,Elite,Tiktok_Fashion,1,0.9996333290298691,Silver Tier,0,11890.306905599828,HIGH_ROI_CONFIRMED|STRONG_ENGAGEMENT|LOW_COST_PER_CONVERSION|INEXPERIENCED_INFLUENCER,P1_STRATEGIC_PARTNER,Prioritise for next campaign cycle
INF-140,Youtube,Skincare,33959,12.03,368.0,2,468.2,124,6080.96,Yes,1,High ROI,Micro,12.987953865869287,3.7758064516129033,0.17906769928443123,0.0036514620571866073,3.186074327210594,0.0108365970729409,0.6914152217239309,1.0986122886681098,16.524347826086956,Elite,Elite,Youtube_Skincare,1,0.9999306351629297,Gold Tier,0,6065.730073686873,HIGH_ROI_CONFIRMED|STRONG_ENGAGEMENT|LOW_COST_PER_CONVERSION,P1_STRATEGIC_PARTNER,Prioritise for next campaign cycle
INF-141,Youtube,Fashion,76203,8.81,482.0,12,795.09,375,19910.0,Yes,1,High ROI,Macro,25.041190305500006,2.12024,0.2612758027899164,0.004921066099759852,4.155189978493,0.006325210293557996,0.5601776484041111,2.5649493574615367,41.30705394190871,Elite,Elite,Youtube_Fashion,1,0.999996393837778,Gold Tier,1,20007.03543640101,HIGH_ROI_CONFIRMED|STRONG_ENGAGEMENT|LOW_COST_PER_CONVERSION|ANOMALOUS_CAMPAIGN,P1_STRATEGIC_PARTNER,Prioritise for next campaign cycle; Flag for manual audit
INF-142,Tiktok,Fashion,129156,4.86,718.0,13,1592.26,172,9618.1,Yes,1,High ROI,Macro,6.040533581199051,9.25732558139535,0.07446885936387006,0.001331722877760228,0.5249896373707812,0.0055591687571618816,0.2760637598726051,2.6390573296152584,13.395682451253482,Elite,Healthy,Tiktok_Fashion,1,0.997364035612915,Silver Tier,0,8779.003902350742,HIGH_ROI_CONFIRMED|LOW_COST_PER_CONVERSION,P2_RECOMMENDED,Prioritise for next campaign cycle
INF-143,Instagram,Fashion,170775,8.8,1385.0,7,2266.37,716,33379.32,Yes,1,High ROI,Macro,14.728098236386822,3.1653212290502792,0.19545788317962232,0.004192651149172888,2.7801285756518133,0.008110086370955937,0.5626577819221099,2.0794415416798357,24.100592057761734,Elite,Elite,Instagram_Fashion,1,0.9999915732117349,Gold Tier,0,33414.784071722876,HIGH_ROI_CONFIRMED|STRONG_ENGAGEMENT|LOW_COST_PER_CONVERSION,P1_STRATEGIC_PARTNER,Prioritise for next campaign cycle
INF-144,Tiktok,Fitness,19337,8.55,104.0,13,430.04,96,5306.83,Yes,1,High ROI,Micro,12.340317179797227,4.479583333333333,0.27443915809070696,0.004964575683922015,1.908659659566552,0.005378290324248849,0.5365610994567164,2.6390573296152584,51.027211538461536,Elite,Elite,Tiktok_Fitness,1,0.999969077579835,Gold Tier,0,5278.441756858537,HIGH_ROI_CONFIRMED|STRONG_ENGAGEMENT|LOW_COST_PER_CONVERSION,P1_STRATEGIC_PARTNER,Prioritise for next campaign cycle
INF-145,Tiktok,Fashion,56427,8.1,640.0,1,1019.85,75,3478.35,Yes,1,High ROI,Macro,3.4106486247977643,13.598,0.06164336222021372,0.0013291509383805626,0.5956758346815708,0.011342088007514134,0.48277867813995123,0.6931471805599453,5.434921875,Elite,Elite,Tiktok_Fashion,1,0.9914506012254115,Silver Tier,0,3512.348876553105,HIGH_ROI_CONFIRMED|STRONG_ENGAGEMENT|LOW_COST_PER_CONVERSION|INEXPERIENCED_INFLUENCER,P1_STRATEGIC_PARTNER,Prioritise for next campaign cycle
INF-146,Tiktok,Skincare,71529,8.24,702.0,3,842.14,390,23196.01,Yes,1,High ROI,Macro,27.544125679815707,2.159333333333333,0.32428819080372995,0.005452334018370171,3.8159925903056497,0.00981420123306631,0.6275469190497784,1.3862943611198906,33.04274928774929,Elite,Elite,Tiktok_Skincare,1,0.9999968591371708,Gold Tier,1,23190.278892734495,HIGH_ROI_CONFIRMED|STRONG_ENGAGEMENT|LOW_COST_PER_CONVERSION|HIGH_CONVERSION_RATE|ANOMALOUS_CAMPAIGN,P1_STRATEGIC_PARTNER,Prioritise for next campaign cycle; Flag for manual audit
INF-147,Instagram,Skincare,112023,7.54,999.0,1,1870.31,278,14546.6,Yes,1,High ROI,Macro,7.777641139704114,6.72773381294964,0.12985369075993322,0.0024816332360318863,1.1207339959685827,0.008917811520848397,0.4680985119273378,0.6931471805599453,14.561161161161161,Elite,Elite,Instagram_Skincare,1,0.999458718685595,Silver Tier,0,14462.278693998856,HIGH_ROI_CONFIRMED|STRONG_ENGAGEMENT|LOW_COST_PER_CONVERSION|INEXPERIENCED_INFLUENCER,P1_STRATEGIC_PARTNER,Prioritise for next campaign cycle
INF-148,Instagram,Fashion,94665,8.32,1041.0,13,1682.18,334,15784.89,Yes,1,High ROI,Macro,9.383591530038402,5.036467065868264,0.16674473142132784,0.003528231130829768,1.651951634188969,0.01099667247662811,0.5730936016251025,2.6390573296152584,15.163198847262247,Elite,Elite,Instagram_Fashion,1,0.9999343853865591,Gold Tier,0,16653.692664198927,HIGH_ROI_CONFIRMED|STRONG_ENGAGEMENT|LOW_COST_PER_CONVERSION,P1_STRATEGIC_PARTNER,Prioritise for next campaign cycle
INF-149,Tiktok,Skincare,115787,7.78,927.0,4,1296.73,369,18500.09,Yes,1,High ROI,Macro,14.266724761515505,3.5141734417344175,0.15977691796142918,0.0031868862652974857,2.213891866464106,0.008006080129893685,0.4877815759296288,1.6094379124341003,19.956947141316075,Elite,Elite,Tiktok_Skincare,1,0.999930605462472,Gold Tier,0,20858.19666578534,HIGH_ROI_CONFIRMED|STRONG_ENGAGEMENT|LOW_COST_PER_CONVERSION,P1_STRATEGIC_PARTNER,Prioritise for next campaign cycle
INF-150,Tiktok,Fashion,172993,4.94,1123.0,8,2231.7,256,13107.52,Yes,1,High ROI,Macro,5.873334229511135,8.717578125,0.07576907736151174,0.001479828663587544,0.5666711475556752,0.006491592145346921,0.30159532955546214,2.1972245773362196,11.671878895814782,Elite,Healthy,Tiktok_Fashion,1,0.99813316153731,Silver Tier,0,13170.783555576056,HIGH_ROI_CONFIRMED|LOW_COST_PER_CONVERSION,P2_RECOMMENDED,Prioritise for next campaign cycle
INF-151,Youtube,Tech,43307,9.79,423.0,15,612.2,142,8004.93,Yes,1,High ROI,Micro,13.075677883044756,4.3112676056338035,0.1848414805920521,0.0032789156487403885,2.2707938582162686,0.009767474080402707,0.5865787421699522,2.772588722239781,18.92418439716312,Elite,Elite,Youtube_Tech,1,0.999936708299474,Gold Tier,0,7896.64018022598,HIGH_ROI_CONFIRMED|STRONG_ENGAGEMENT|LOW_COST_PER_CONVERSION,P1_STRATEGIC_PARTNER,Prioritise for next campaign cycle
INF-152,Tiktok,Fashion,168427,5.0,477.0,0,2286.23,266,14936.26,Yes,1,High ROI,Macro,6.5331397103528515,8.594849624060151,0.08868091220528775,0.0015793192302896804,0.5817437440677448,0.002832087491910442,0.2408782095501527,0.0,31.312914046121595,Elite,Elite,Tiktok_Fashion,1,0.9961525381673603,Silver Tier,0,14816.504690975215,HIGH_ROI_CONFIRMED|STRONG_ENGAGEMENT|LOW_COST_PER_CONVERSION|INEXPERIENCED_INFLUENCER,P1_STRATEGIC_PARTNER,Prioritise for next campaign cycle
INF-153,Tiktok,Fashion,244340,4.03,891.0,4,3208.88,345,18691.79,Yes,1,High ROI,Macro,5.825019944653587,9.301101449275363,0.07649909961529017,0.0014119669313252027,0.4332820174017103,0.003646558074813784,0.21850210455754354,1.6094379124341003,20.978439955106623,Elite,Healthy,Tiktok_Fashion,1,0.9964764216684748,Silver Tier,0,18629.310034089718,HIGH_ROI_CONFIRMED|LOW_COST_PER_CONVERSION,P2_RECOMMENDED,Prioritise for next campaign cycle
INF-154,Instagram,Fashion,137016,6.91,944.0,13,1503.26,455,21197.98,Yes,1,High ROI,Macro,14.101339754932614,3.303868131868132,0.15471171250072985,0.0033207800548841013,2.0914878331093756,0.006889706311671629,0.445658636603918,2.6390573296152584,22.455487288135593,Elite,Elite,Instagram_Fashion,1,0.9999592165260164,Gold Tier,0,21249.70328642115,HIGH_ROI_CONFIRMED|STRONG_ENGAGEMENT|LOW_COST_PER_CONVERSION,P1_STRATEGIC_PARTNER,Prioritise for next campaign cycle
INF-155,Youtube,Fashion,14835,10.73,194.0,14,308.53,64,3025.51,Yes,1,High ROI,Micro,9.80621009302175,4.82078125,0.20394405123019888,0.004314122008763061,2.225780313097592,0.013077182339063027,0.7185398961485459,2.70805020110221,15.595412371134021,Elite,Elite,Youtube_Fashion,1,0.999935424997713,Gold Tier,0,3270.989651117838,HIGH_ROI_CONFIRMED|STRONG_ENGAGEMENT|ELITE_AUDIENCE_QUALITY|LOW_COST_PER_CONVERSION,P1_STRATEGIC_PARTNER,Prioritise for next campaign cycle
INF-156,Tiktok,Fashion,30159,10.11,184.0,8,509.88,118,5475.95,Yes,1,High ROI,Micro,10.739683847179728,4.3210169491525425,0.18156934911635,0.00391259657150436,2.339726994586962,0.006100998043701714,0.555671951257232,2.1972245773362196,29.760597826086954,Elite,Elite,Tiktok_Fashion,1,0.9999052703008086,Gold Tier,0,6209.204068868715,HIGH_ROI_CONFIRMED|STRONG_ENGAGEMENT|LOW_COST_PER_CONVERSION,P1_STRATEGIC_PARTNER,Prioritise for next campaign cycle
INF-157,Instagram,Tech,245418,2.46,386.0,14,2403.25,122,6546.23,Yes,1,High ROI,Macro,2.723907208987829,19.69877049180328,0.026673797357977,0.0004971110513491268,0.1248808904608343,0.001572826769022647,0.09422959431071176,2.70805020110221,16.959145077720205,Elite,Healthy,Instagram_Tech,1,0.9243853030841114,Bronze Tier,0,6458.372813890231,LOW_COST_PER_CONVERSION,P3_MONITOR,A/B test with smaller budget first
INF-158,Instagram,Fashion,188677,5.41,779.0,0,2643.19,188,10933.53,Yes,1,High ROI,Macro,4.136490377157904,14.059521276595746,0.057948398585943174,0.0009964118573011019,0.3847926180108127,0.004128749132114672,0.253557913150877,0.0,14.035340179717588,Elite,Elite,Instagram_Fashion,1,0.98115608967508,Bronze Tier,0,10894.421190223731,HIGH_ROI_CONFIRMED|STRONG_ENGAGEMENT|LOW_COST_PER_CONVERSION|INEXPERIENCED_INFLUENCER,P1_STRATEGIC_PARTNER,Prioritise for next campaign cycle
INF-159,Tiktok,Tech,131790,7.29,736.0,8,1653.66,410,21117.87,Yes,1,High ROI,Macro,12.770382061608794,4.033317073170732,0.1602387889824721,0.0031110099400561498,1.8074453031457494,0.005584642233856894,0.42523273500053177,2.1972245773362196,28.692758152173912,Elite,Elite,Tiktok_Tech,1,0.9999171840136262,Gold Tier,0,20983.953254573407,HIGH_ROI_CONFIRMED|STRONG_ENGAGEMENT|LOW_COST_PER_CONVERSION,P1_STRATEGIC_PARTNER,Prioritise for next campaign cycle
INF-160,Instagram,Tech,115616,4.83,688.0,7,1653.12,127,6021.42,Yes,1,High ROI,Macro,3.642457897793264,13.016692913385826,0.05208119983393302,0.0010984638804317742,0.37106199186991873,0.00595073346249654,0.27273994042128635,2.0794415416798357,8.752063953488372,Elite,Healthy,Instagram_Tech,1,0.9883280223050053,Silver Tier,0,6058.903823293279,HIGH_ROI_CONFIRMED|LOW_COST_PER_CONVERSION,P2_RECOMMENDED,Prioritise for next campaign cycle
INF-161,Tiktok,Skincare,179160,4.57,614.0,3,2094.72,142,7578.63,Yes,1,High ROI,Macro,3.617968033913841,14.751549295774646,0.0423009042196919,0.0007925876311676714,0.3097979682248702,0.00342710426434472,0.2061508938566461,1.3862943611198906,12.343045602605864,Elite,Healthy,Tiktok_Skincare,1,0.9729694790857156,Bronze Tier,0,7512.730981370416,HIGH_ROI_CONFIRMED|LOW_COST_PER_CONVERSION,P2_RECOMMENDED,Prioritise for next campaign cycle
INF-162,Instagram,Skincare,88752,8.43,847.0,11,1479.3,157,8976.68,Yes,1,High ROI,Macro,6.0681944162779695,9.422292993630572,0.10114341085271318,0.0017689742202992608,0.8946866761306024,0.009543446908238688,0.4782977197960798,2.4849066497880004,10.598205430932705,Elite,Elite,Instagram_Skincare,1,0.9990566111992991,Silver Tier,0,8439.190602699655,HIGH_ROI_CONFIRMED|STRONG_ENGAGEMENT|LOW_COST_PER_CONVERSION,P1_STRATEGIC_PARTNER,Prioritise for next campaign cycle
INF-163,Instagram,Skincare,65284,10.74,697.0,10,712.45,132,7408.59,Yes,1,High ROI,Macro,10.398750789529089,5.397348484848485,0.11348247656393604,0.0020219349304576926,1.9898659555056495,0.0106764291403713,0.5816112858202352,2.3978952727983707,10.629253945480631,Elite,Elite,Instagram_Skincare,1,0.999804190351923,Silver Tier,0,7327.2550384309,HIGH_ROI_CONFIRMED|STRONG_ENGAGEMENT|LOW_COST_PER_CONVERSION,P1_STRATEGIC_PARTNER,Prioritise for next campaign cycle
INF-164,Instagram,Skincare,67043,9.36,673.0,9,984.48,303,17641.19,Yes,1,High ROI,Macro,17.919297497155856,3.2491089108910893,0.2631324672225288,0.0045194874931014425,2.8807898586055583,0.010038333606789672,0.6286544743015882,2.302585092994046,26.21276374442793,Elite,Elite,Instagram_Skincare,1,0.9999878525748005,Gold Tier,0,17607.20378390239,HIGH_ROI_CONFIRMED|STRONG_ENGAGEMENT|LOW_COST_PER_CONVERSION,P1_STRATEGIC_PARTNER,Prioritise for next campaign cycle
INF-165,Tiktok,Skincare,176619,7.71,1796.125,4,2507.26,717,34524.9125,Yes,1,High ROI,Macro,13.769976986830244,3.4968758716875876,0.1954767748656713,0.004059585888267966,2.2048251876550493,0.010169489126311439,0.5605972681060644,1.6094379124341003,19.22188739647853,Elite,Elite,Tiktok_Skincare,1,0.9999887401421647,Gold Tier,0,33813.099211366294,HIGH_ROI_CONFIRMED|STRONG_ENGAGEMENT|LOW_COST_PER_CONVERSION,P1_STRATEGIC_PARTNER,Prioritise for next campaign cycle
INF-166,Instagram,Fashion,107007,6.41,620.0,12,1437.47,421,20169.82,Yes,1,High ROI,Macro,14.031471961153972,3.414418052256532,0.1884906594895661,0.003934322053697422,1.87733309216888,0.005794013475753923,0.4350701298584656,2.5649493574615367,32.53196774193548,Elite,Elite,Instagram_Fashion,1,0.9999582994650071,Gold Tier,0,20127.58079489866,HIGH_ROI_CONFIRMED|STRONG_ENGAGEMENT|LOW_COST_PER_CONVERSION,P1_STRATEGIC_PARTNER,Prioritise for next campaign cycle
INF-167,Tiktok,Skincare,92844,7.78,918.0,4,1563.85,381,22173.15,Yes,1,High ROI,Macro,14.178565719218597,4.104593175853018,0.23882157166860543,0.004103657748481324,1.8954375419637437,0.009887553315238464,0.5594526238604375,1.6094379124341003,24.15375816993464,Elite,Elite,Tiktok_Skincare,1,0.999963632440368,Gold Tier,0,22234.337929059027,HIGH_ROI_CONFIRMED|STRONG_ENGAGEMENT|LOW_COST_PER_CONVERSION,P1_STRATEGIC_PARTNER,Prioritise for next campaign cycle
INF-168,Tiktok,Skincare,37532,10.16,351.0,10,770.19,177,9710.82,Yes,1,High ROI,Micro,12.608343395785454,4.35135593220339,0.2587344133006501,0.004715975700735372,2.334904374245316,0.009352019609932857,0.6492285346884558,2.3978952727983707,27.666153846153847,Elite,Elite,Tiktok_Skincare,1,0.9999703212767035,Gold Tier,0,9157.310793776618,HIGH_ROI_CONFIRMED|STRONG_ENGAGEMENT|LOW_COST_PER_CONVERSION,P1_STRATEGIC_PARTNER,Prioritise for next campaign cycle
INF-169,Tiktok,Fitness,175421,1.6,239.0,11,2485.69,82,4072.44,No,0,Low ROI,Macro,1.638353937940773,30.31329268292683,0.02321523648821977,0.00046744688492255775,0.05278212488282932,0.0013624366523962354,0.06224914262490271,2.4849066497880004,17.03949790794979,Good,Low,Tiktok_Fitness,1,0.5361245542818198,Bronze Tier,1,4108.263099412738,LOW_COST_PER_CONVERSION|ANOMALOUS_CAMPAIGN,P3_MONITOR,Flag for manual audit
INF-170,Instagram,Skincare,132402,8.56,1653.0,5,1924.31,388,21780.47,Yes,1,High ROI,Macro,11.318586922065572,4.959561855670103,0.16450257548979624,0.002930469328257881,1.72595891514361,0.012484705669098654,0.5833280166809939,1.791759469228055,13.176327888687236,Elite,Elite,Instagram_Skincare,1,0.9999482484708736,Gold Tier,0,21710.42809090578,HIGH_ROI_CONFIRMED|STRONG_ENGAGEMENT|LOW_COST_PER_CONVERSION,P1_STRATEGIC_PARTNER,Prioritise for next campaign cycle
INF-171,Instagram,Fitness,128012,3.62,317.0,6,2151.53,72,4120.33,No,0,Low ROI,Macro,1.915069741067984,29.882361111111113,0.03218706058806987,0.0005624472705683842,0.12114169916292125,0.002476330344030247,0.14968696867399917,1.9459101490553132,12.99788643533123,Good,Healthy,Instagram_Fitness,1,0.612349856046443,Bronze Tier,0,3400.1185562487203,LOW_COST_PER_CONVERSION,P3_MONITOR,A/B test with smaller budget first
INF-172,Tiktok,Skincare,186517,6.27,690.0,7,2852.54,859,34524.9125,Yes,1,High ROI,Macro,12.10321765864808,3.320768335273574,0.18510330157572769,0.004605478321010954,1.888117256900867,0.0036993946932451197,0.41991376213669995,2.0794415416798357,50.03610507246377,Elite,Elite,Tiktok_Skincare,1,0.999982465073478,Gold Tier,0,32778.61942839796,HIGH_ROI_CONFIRMED|STRONG_ENGAGEMENT|LOW_COST_PER_CONVERSION,P1_STRATEGIC_PARTNER,Prioritise for next campaign cycle
INF-173,Instagram,Skincare,146785,6.92,1291.0,14,2077.85,570,31531.41,Yes,1,High ROI,Macro,15.175017445917655,3.6453508771929823,0.214813570868958,0.0038832305753312667,1.8983083475708065,0.008795176618864326,0.5036248729777187,2.70805020110221,24.4240201394268,Elite,Elite,Instagram_Skincare,1,0.9999861530278247,Gold Tier,0,31422.28118190353,HIGH_ROI_CONFIRMED|STRONG_ENGAGEMENT|LOW_COST_PER_CONVERSION,P1_STRATEGIC_PARTNER,Prioritise for next campaign cycle
INF-174,Tiktok,Fashion,66178,4.64,174.0,13,1106.29,90,4556.6,Yes,1,High ROI,Macro,4.118811523199161,12.29211111111111,0.06885369760343317,0.00135996856961528,0.3774778765061602,0.0026292725679228747,0.2169588530803574,2.6390573296152584,26.187356321839083,Elite,Healthy,Tiktok_Fashion,1,0.9919793154154688,Silver Tier,0,4594.240716736058,HIGH_ROI_CONFIRMED|LOW_COST_PER_CONVERSION,P2_RECOMMENDED,Prioritise for next campaign cycle
INF-175,Instagram,Fashion,59407,4.9,389.0,7,701.61,140,7431.26,Yes,1,High ROI,Macro,10.59172474736677,5.0115,0.12509064588348176,0.0023566246401939164,0.9777511723037015,0.00654804989311024,0.33714114277162865,2.0794415416798357,19.103496143958868,Elite,Healthy,Instagram_Fashion,1,0.9992426992602159,Silver Tier,0,7437.4808210737,HIGH_ROI_CONFIRMED|LOW_COST_PER_CONVERSION,P2_RECOMMENDED,Prioritise for next campaign cycle
INF-176,Tiktok,Fitness,211412,6.23,1234.0,10,2069.46,566,29920.11,Yes,1,High ROI,Macro,14.45793105447798,3.6562897526501765,0.14152512629368247,0.0026772368645110022,1.703913098102887,0.005836943976690065,0.37892889874043123,2.3978952727983707,24.246442463533224,Elite,Elite,Tiktok_Fitness,1,0.999949314836831,Gold Tier,0,29952.082974174322,HIGH_ROI_CONFIRMED|STRONG_ENGAGEMENT|LOW_COST_PER_CONVERSION,P1_STRATEGIC_PARTNER,Prioritise for next campaign cycle
INF-177,Instagram,Fitness,60990,10.11,872.0,13,953.62,293,16912.17,Yes,1,High ROI,Macro,17.734705647952012,3.254675767918089,0.2772941465814068,0.004804066240367273,3.1063002034353304,0.014297425807509428,0.741333416179807,2.6390573296152584,19.394690366972476,Elite,Elite,Instagram_Fitness,1,0.9999940168062004,Gold Tier,0,16839.333012833235,HIGH_ROI_CONFIRMED|STRONG_ENGAGEMENT|ELITE_AUDIENCE_QUALITY|LOW_COST_PER_CONVERSION,P1_STRATEGIC_PARTNER,Prioritise for next campaign cycle
INF-178,Tiktok,Fitness,216744,2.61,691.0,12,1974.51,109,6278.34,Yes,1,High ROI,Macro,3.179695215521826,18.114770642201833,0.02896661499280257,0.000502897427379766,0.14408131637722776,0.0031880928653157644,0.1285851567078045,2.5649493574615367,9.08587554269175,Elite,Healthy,Tiktok_Fitness,1,0.9503686491940525,Bronze Tier,0,6141.002077156335,HIGH_ROI_CONFIRMED|LOW_COST_PER_CONVERSION,P2_RECOMMENDED,Prioritise for next campaign cycle
INF-179,Youtube,Skincare,139473,4.77,738.0,1,1762.8,193,11095.61,Yes,1,High ROI,Macro,6.294310188336738,9.133678756476684,0.07955382045270411,0.0013837803732622085,0.5222430224642614,0.00529134671226689,0.2704902299182841,0.6931471805599453,15.034701897018971,Elite,Healthy,Youtube_Skincare,1,0.9952121313632886,Silver Tier,0,11146.029179090126,HIGH_ROI_CONFIRMED|LOW_COST_PER_CONVERSION|INEXPERIENCED_INFLUENCER,P2_RECOMMENDED,Prioritise for next campaign cycle
INF-180,Tiktok,Skincare,206617,4.98,1491.0,8,2166.87,497,22447.24,Yes,1,High ROI,Macro,10.359292435632964,4.359899396378269,0.10864178649385095,0.002405416785646873,1.1422281908928549,0.00721625035694062,0.3538083977778552,2.1972245773362196,15.055157612340713,Elite,Healthy,Tiktok_Skincare,1,0.9998486045002626,Silver Tier,0,22499.163685008712,HIGH_ROI_CONFIRMED|LOW_COST_PER_CONVERSION,P2_RECOMMENDED,Prioritise for next campaign cycle
INF-181,Tiktok,Fitness,225863,3.66,741.0,6,2573.27,159,8942.67,Yes,1,High ROI,Macro,3.4752163589518394,16.184088050314465,0.039593337554181075,0.0007039665638019508,0.22614805286658612,0.0032807498350770157,0.17136538956548372,1.9459101490553132,12.06838056680162,Elite,Healthy,Tiktok_Fitness,1,0.9672379988856002,Bronze Tier,0,8565.166747520534,HIGH_ROI_CONFIRMED|LOW_COST_PER_CONVERSION,P2_RECOMMENDED,Prioritise for next campaign cycle
INF-182,Tiktok,Fitness,68141,9.67,958.0,3,1124.31,86,4848.69,Yes,1,High ROI,Macro,4.3125917229233925,13.073372093023256,0.07115671915586798,0.0012620889038904624,0.7396714429294412,0.014059083371244918,0.5787087689914125,1.3862943611198906,5.061263048016701,Elite,Elite,Tiktok_Fitness,1,0.996966847855275,Silver Tier,0,4865.565318719067,HIGH_ROI_CONFIRMED|STRONG_ENGAGEMENT|LOW_COST_PER_CONVERSION,P1_STRATEGIC_PARTNER,Prioritise for next campaign cycle
INF-183,Youtube,Tech,164865,6.1,638.0,3,2594.04,413,22787.56,Yes,1,High ROI,Macro,8.784583121308847,6.2809685230024215,0.13821951293482548,0.002505079913868923,0.9711877997255246,0.0038698328935795954,0.3320038093140193,1.3862943611198906,35.71717868338558,Elite,Elite,Youtube_Tech,1,0.9995406428229372,Silver Tier,0,22767.213768338963,HIGH_ROI_CONFIRMED|STRONG_ENGAGEMENT|LOW_COST_PER_CONVERSION,P1_STRATEGIC_PARTNER,Prioritise for next campaign cycle
INF-184,Youtube,Fashion,66570,10.51,688.0,10,669.24,104,5859.77,Yes,1,High ROI,Macro,8.755857390472775,6.4350000000000005,0.08802418506834911,0.001562265284662761,1.6332556332556332,0.010334985729307496,0.5494347195211163,2.3978952727983707,8.517107558139536,Elite,Elite,Youtube_Fashion,1,0.9995841531881166,Silver Tier,0,5828.6653017363,HIGH_ROI_CONFIRMED|STRONG_ENGAGEMENT|LOW_COST_PER_CONVERSION,P1_STRATEGIC_PARTNER,Prioritise for next campaign cycle
INF-185,Tiktok,Fashion,236156,4.84,880.0,7,2989.81,386,22245.01,Yes,1,High ROI,Macro,7.440275469009736,7.745621761658031,0.09419625163027828,0.0016345127796880028,0.6248691388415987,0.0037263503785633224,0.2544065764077191,2.0794415416798357,25.278420454545454,Elite,Healthy,Tiktok_Fashion,1,0.9987912490910085,Silver Tier,0,22136.87189242481,HIGH_ROI_CONFIRMED|LOW_COST_PER_CONVERSION,P2_RECOMMENDED,Prioritise for next campaign cycle
INF-186,Instagram,Fitness,178964,6.07,1129.0,3,2670.99,515,26808.21,Yes,1,High ROI,Macro,10.036806577336494,5.186388349514563,0.14979666301602557,0.0028776737220893587,1.1703712855532968,0.006308531324735701,0.39068396730400706,1.3862943611198906,23.745093002657217,Elite,Elite,Instagram_Fitness,1,0.9998214986824941,Silver Tier,0,28252.47563516868,HIGH_ROI_CONFIRMED|STRONG_ENGAGEMENT|LOW_COST_PER_CONVERSION,P1_STRATEGIC_PARTNER,Prioritise for next campaign cycle
INF-187,Instagram,Skincare,11015,9.16,66.0,12,323.0,59,3099.31,Yes,1,High ROI,Micro,9.595386996904024,5.47457627118644,0.2813717657739446,0.005356332274171584,1.6731888544891642,0.005991829323649569,0.5828259705372985,2.5649493574615367,46.959242424242426,Elite,Elite,Instagram_Skincare,1,0.9999575140116926,Gold Tier,0,3115.6044465287564,HIGH_ROI_CONFIRMED|STRONG_ENGAGEMENT|LOW_COST_PER_CONVERSION|HIGH_CONVERSION_RATE,P1_STRATEGIC_PARTNER,Prioritise for next campaign cycle
INF-188,Instagram,Tech,71813,7.35,708.0,14,1240.85,144,6749.38,Yes,1,High ROI,Macro,5.439319821090382,8.617013888888888,0.09398549009232311,0.0020052079707016837,0.8529636942418503,0.009858939189283277,0.4598524768603851,2.70805020110221,9.533022598870057,Elite,Elite,Instagram_Tech,1,0.9990149995814794,Silver Tier,0,6918.531202164671,HIGH_ROI_CONFIRMED|STRONG_ENGAGEMENT|LOW_COST_PER_CONVERSION,P1_STRATEGIC_PARTNER,Prioritise for next campaign cycle
INF-189,Instagram,Fitness,37712,8.87,450.0,5,596.24,147,7464.75,Yes,1,High ROI,Micro,12.519706829464646,4.056054421768708,0.19794097369537547,0.003897963512940178,2.1868542868643495,0.011932541366143403,0.6224515742008074,1.791759469228055,16.588333333333335,Elite,Elite,Instagram_Fitness,1,0.9999102019787728,Gold Tier,0,7436.506406060133,HIGH_ROI_CONFIRMED|STRONG_ENGAGEMENT|LOW_COST_PER_CONVERSION,P1_STRATEGIC_PARTNER,Prioritise for next campaign cycle
INF-190,Tiktok,Fashion,110497,9.67,1554.0,4,1341.58,106,5792.95,Yes,1,High ROI,Macro,4.318005635146618,12.656415094339621,0.05242631021656696,0.0009593020624994343,0.7640394162107367,0.01406373023702001,0.5664406951019152,1.6094379124341003,3.7277670527670526,Elite,Elite,Tiktok_Fashion,1,0.9981676133833234,Silver Tier,0,5833.449480067048,HIGH_ROI_CONFIRMED|STRONG_ENGAGEMENT|LOW_COST_PER_CONVERSION,P1_STRATEGIC_PARTNER,Prioritise for next campaign cycle
INF-191,Tiktok,Fitness,149487,5.2,508.0,2,2509.02,83,4706.6,No,0,Low ROI,Macro,1.8758718543495072,30.229156626506025,0.03148501207462857,0.0005552322275515596,0.1720193541701541,0.0033982888144119556,0.21567646616898906,1.0986122886681098,9.26496062992126,Good,Elite,Tiktok_Fitness,1,0.6238910192566322,Bronze Tier,1,4584.725504848308,STRONG_ENGAGEMENT|LOW_COST_PER_CONVERSION|ANOMALOUS_CAMPAIGN,P2_RECOMMENDED,Flag for manual audit
INF-192,Youtube,Fitness,122816,6.95,958.0,12,1424.64,378,18241.58,Yes,1,High ROI,Macro,12.80434355345912,3.768888888888889,0.14852771625846797,0.003077774882751433,1.8440448113207546,0.00780028660760813,0.45358336381212894,2.5649493574615367,19.04131524008351,Elite,Elite,Youtube_Fitness,1,0.9999313077309274,Gold Tier,0,18414.541153229595,HIGH_ROI_CONFIRMED|STRONG_ENGAGEMENT|LOW_COST_PER_CONVERSION,P1_STRATEGIC_PARTNER,Prioritise for next campaign cycle
INF-193,Youtube,Skincare,138778,2.75,371.0,13,2066.47,122,5742.22,Yes,1,High ROI,Macro,2.778757978581833,16.938278688524587,0.04137701941229878,0.0008791018749369497,0.16235415950872745,0.0026733343901771175,0.13894236723653278,2.6390573296152584,15.47768194070081,Elite,Healthy,Youtube_Skincare,1,0.9601739906194902,Bronze Tier,0,5858.450897353014,LOW_COST_PER_CONVERSION,P3_MONITOR,A/B test with smaller budget first
INF-194,Instagram,Tech,72292,8.99,548.0,9,1256.77,165,9066.03,Yes,1,High ROI,Macro,7.213754306675049,7.616787878787878,0.1254084822663642,0.002282410225197809,1.1802875625611688,0.0075803685055054505,0.4810291903799399,2.302585092994046,16.543850364963504,Elite,Elite,Instagram_Tech,1,0.9994290188603681,Silver Tier,0,8836.479895861441,HIGH_ROI_CONFIRMED|STRONG_ENGAGEMENT|LOW_COST_PER_CONVERSION,P1_STRATEGIC_PARTNER,Prioritise for next campaign cycle
INF-195,Tiktok,Fashion,33833,12.44,358.0,10,402.2,137,6168.86,Yes,1,High ROI,Micro,15.337792143212331,2.935766423357664,0.1823326338190524,0.004049300978334762,4.2373943311785185,0.010581385038276239,0.7158398336713447,2.3978952727983707,17.23145251396648,Elite,Elite,Tiktok_Fashion,1,0.9999786552976824,Gold Tier,0,6245.204152227386,HIGH_ROI_CONFIRMED|STRONG_ENGAGEMENT|ELITE_AUDIENCE_QUALITY|LOW_COST_PER_CONVERSION,P1_STRATEGIC_PARTNER,Prioritise for next campaign cycle
INF-196,Tiktok,Fitness,145230,4.53,600.0,1,1973.16,116,5530.37,Yes,1,High ROI,Macro,2.8027985566299742,17.01,0.03808007987330441,0.0007987330441368864,0.26631393298059963,0.004131377814501136,0.21797653885891716,0.6931471805599453,9.217283333333333,Elite,Healthy,Tiktok_Fitness,1,0.9468436047750386,Bronze Tier,0,5622.29025952481,LOW_COST_PER_CONVERSION|INEXPERIENCED_INFLUENCER,P3_MONITOR,A/B test with smaller budget first
INF-197,Instagram,Skincare,203752,9.06,1796.125,8,3192.5,340,15448.26,Yes,1,High ROI,Macro,4.838922474549726,9.389705882352942,0.07581893674663316,0.0016686952766107818,0.9648864526233359,0.008815250893242766,0.4806768172382979,2.1972245773362196,8.600882455285685,Elite,Elite,Instagram_Skincare,1,0.9995097371810672,Silver Tier,0,15388.235441896568,HIGH_ROI_CONFIRMED|STRONG_ENGAGEMENT|LOW_COST_PER_CONVERSION,P1_STRATEGIC_PARTNER,Prioritise for next campaign cycle
INF-198,Youtube,Fitness,30309,9.42,313.0,9,418.04,83,3942.77,Yes,1,High ROI,Micro,9.431561573055209,5.0366265060240965,0.13008578310072916,0.0027384605232769143,1.8702994928714956,0.010326965587779208,0.5631310376655382,2.302585092994046,12.596709265175718,Elite,Elite,Youtube_Fitness,1,0.999712389530896,Gold Tier,0,4980.23629933558,HIGH_ROI_CONFIRMED|STRONG_ENGAGEMENT|LOW_COST_PER_CONVERSION,P1_STRATEGIC_PARTNER,Prioritise for next campaign cycle
INF-199,Youtube,Fashion,16970,5.67,92.0,8,437.56,38,1813.35,Yes,1,High ROI,Micro,4.1442316482310995,11.514736842105263,0.10685621685327047,0.0022392457277548615,0.4924124691470884,0.005421331761932823,0.3359490831970236,2.1972245773362196,19.71032608695652,Elite,Elite,Youtube_Fashion,1,0.9947382592809102,Silver Tier,0,1776.999074378338,HIGH_ROI_CONFIRMED|STRONG_ENGAGEMENT|LOW_COST_PER_CONVERSION,P1_STRATEGIC_PARTNER,Prioritise for next campaign cycle
INF-200,Instagram,Skincare,82474,7.11,337.0,0,1182.04,203,10315.47,Yes,1,High ROI,Macro,8.726836655273933,5.822857142857143,0.1250754177073987,0.0024613817687998644,1.2210500490677136,0.004086136236874652,0.3657975360691834,0.0,30.609703264094954,Elite,Elite,Instagram_Skincare,1,0.999108366277515,Silver Tier,0,10367.220728987295,HIGH_ROI_CONFIRMED|STRONG_ENGAGEMENT|LOW_COST_PER_CONVERSION|INEXPERIENCED_INFLUENCER,P1_STRATEGIC_PARTNER,Prioritise for next campaign cycle
INF-201,Instagram,Tech,227776,5.62,739.0,9,3015.22,280,14289.77,Yes,1,High ROI,Macro,4.739213059080266,10.768642857142856,0.06273606525709469,0.0012292778870469233,0.521885633552444,0.0032444155661702726,0.2535284621624558,2.302585092994046,19.33663058186739,Elite,Elite,Instagram_Tech,1,0.9958959920025506,Silver Tier,0,14302.283126159151,HIGH_ROI_CONFIRMED|STRONG_ENGAGEMENT|LOW_COST_PER_CONVERSION,P1_STRATEGIC_PARTNER,Prioritise for next campaign cycle
INF-202,Tiktok,Skincare,56540,11.42,324.0,2,944.29,281,16330.02,Yes,1,High ROI,Macro,17.293437397409694,3.360462633451957,0.28882242660063673,0.004969932790944464,3.3983416111575893,0.005730456314113902,0.6330923173421945,1.0986122886681098,50.401296296296294,Elite,Elite,Tiktok_Skincare,1,0.999990374126499,Gold Tier,0,16392.27760634303,HIGH_ROI_CONFIRMED|STRONG_ENGAGEMENT|LOW_COST_PER_CONVERSION,P1_STRATEGIC_PARTNER,Prioritise for next campaign cycle
INF-203,Tiktok,Skincare,161456,6.56,1554.0,7,1872.49,285,15005.72,Yes,1,High ROI,Macro,8.013778444744698,6.570140350877193,0.09293999603607174,0.001765186800118918,0.9984566005692954,0.009624913289069469,0.4210522760936524,2.0794415416798357,9.656190476190476,Elite,Elite,Tiktok_Skincare,1,0.9996118112421974,Silver Tier,0,14968.371294544848,HIGH_ROI_CONFIRMED|STRONG_ENGAGEMENT|LOW_COST_PER_CONVERSION,P1_STRATEGIC_PARTNER,Prioritise for next campaign cycle
INF-204,Youtube,Tech,28017,11.57,163.0,5,611.79,42,2345.75,Yes,1,High ROI,Micro,3.834240507363638,14.56642857142857,0.0837259521005104,0.0014990898383124532,0.7942921590741922,0.005817896277260235,0.49778444209441663,1.791759469228055,14.391104294478527,Elite,Elite,Youtube_Tech,1,0.9946704787703465,Silver Tier,0,2386.3089059457698,HIGH_ROI_CONFIRMED|STRONG_ENGAGEMENT|LOW_COST_PER_CONVERSION,P1_STRATEGIC_PARTNER,Prioritise for next campaign cycle
INF-205,Instagram,Tech,85880,5.83,301.0,4,1521.03,206,9591.78,Yes,1,High ROI,Macro,6.306108360781839,7.383640776699029,0.11168816953889149,0.0023986958546809503,0.7895833744239101,0.003504890544946437,0.31255918627401924,1.6094379124341003,31.86637873754153,Elite,Elite,Instagram_Tech,1,0.9985249500681235,Silver Tier,0,9667.626223628073,HIGH_ROI_CONFIRMED|STRONG_ENGAGEMENT|LOW_COST_PER_CONVERSION,P1_STRATEGIC_PARTNER,Prioritise for next campaign cycle
INF-206,Tiktok,Fashion,115570,5.74,540.0,4,1616.6,136,6579.9,Yes,1,High ROI,Macro,4.070209080786837,11.886764705882353,0.05693432551700268,0.0011767759799255861,0.4828900160831375,0.004672492861469239,0.2811568326530605,1.6094379124341003,12.184999999999999,Elite,Elite,Tiktok_Fashion,1,0.990065910557338,Silver Tier,0,6557.75354158861,HIGH_ROI_CONFIRMED|STRONG_ENGAGEMENT|LOW_COST_PER_CONVERSION,P1_STRATEGIC_PARTNER,Prioritise for next campaign cycle
INF-207,Tiktok,Fashion,18702,6.96,170.0,5,531.52,22,1221.97,Yes,1,High ROI,Micro,2.2990103853100545,24.16,0.06533900117634478,0.0011763447759597903,0.2880794701986755,0.009089936905143835,0.39981457708234,1.791759469228055,7.188058823529412,Elite,Elite,Tiktok_Fashion,1,0.9228849746864362,Bronze Tier,0,1263.2633668605627,STRONG_ENGAGEMENT|LOW_COST_PER_CONVERSION,P2_RECOMMENDED,A/B test with smaller budget first
INF-208,Instagram,Fashion,141456,5.13,1061.0,14,1852.16,355,16256.18,Yes,1,High ROI,Macro,8.776876727712509,5.217352112676057,0.1149203992761,0.0025096142970252233,0.9832573859709743,0.007500565546883837,0.3679364376628172,2.70805020110221,15.321564561734213,Elite,Elite,Instagram_Fashion,1,0.9997466259310005,Silver Tier,0,16428.159198958398,HIGH_ROI_CONFIRMED|STRONG_ENGAGEMENT|LOW_COST_PER_CONVERSION,P1_STRATEGIC_PARTNER,Prioritise for next campaign cycle
