Influencer_ID,Platform,Audience_Niche,Follower_Count,Engagement_Rate_Pct,Avg_Comments_Per_Post,Past_Brand_Collaborations,Campaign_Cost_USD,Discount_Code_Uses,Revenue_Generated_USD,High_ROI_Campaign,target_numeric,target_label,follower_tier
INF-001,Tiktok,Skincare,112795,7.36,925.0,0,1270.04,640,34524.9125,Yes,1,High ROI,Macro
INF-002,Youtube,Skincare,230184,6.42,1796.125,9,2908.7,534,29101.85,Yes,1,High ROI,Macro
INF-003,Instagram,Fashion,238275,3.81,580.0,8,3113.01,228,11042.82,Yes,1,High ROI,Macro
INF-004,Instagram,Fashion,152202,6.03,551.0,6,1996.49,164,7952.31,Yes,1,High ROI,Macro
INF-005,Tiktok,Fashion,97508,9.66,712.0,0,1214.45,274,13237.5,Yes,1,High ROI,Macro
INF-006,Tiktok,Skincare,247027,3.98,1205.0,14,3063.36,363,17281.08,Yes,1,High ROI,Macro
INF-007,Tiktok,Fitness,128324,5.44,762.0,11,1575.96,151,8280.21,Yes,1,High ROI,Macro
INF-008,Youtube,Skincare,70566,10.06,427.0,13,1189.48,320,18470.48,Yes,1,High ROI,Macro
INF-009,Instagram,Skincare,207775,3.07,904.0,15,3155.18,256,14301.38,Yes,1,High ROI,Macro
INF-010,Instagram,Fitness,37192,7.98,382.0,7,663.14,109,6200.07,Yes,1,High ROI,Micro
INF-011,Tiktok,Fashion,11062,8.42,48.0,2,355.39,43,2196.09,Yes,1,High ROI,Micro
INF-012,Youtube,Fitness,94076,5.96,645.0,7,1475.16,175,9591.95,Yes,1,High ROI,Macro
INF-013,Instagram,Fashion,99780,7.71,977.0,14,1018.45,332,16704.1,Yes,1,High ROI,Macro
INF-014,Tiktok,Fashion,162617,5.06,719.0,4,2542.79,111,5869.97,Yes,1,High ROI,Macro
INF-015,Tiktok,Skincare,31689,3.9,70.0,0,610.11,76,3969.06,Yes,1,High ROI,Micro
INF-016,Tiktok,Fashion,21174,9.0,110.0,6,431.23,49,2335.01,Yes,1,High ROI,Micro
INF-017,Tiktok,Skincare,98461,6.47,384.0,4,1306.15,500,25403.09,Yes,1,High ROI,Macro
INF-018,Instagram,Skincare,136174,7.53,1374.0,5,1623.95,440,26161.23,Yes,1,High ROI,Macro
INF-019,Tiktok,Tech,113033,5.99,955.0,15,1468.16,271,13205.48,Yes,1,High ROI,Macro
INF-020,Tiktok,Fashion,19348,13.27,159.0,5,269.53,38,1786.27,Yes,1,High ROI,Micro
INF-021,Instagram,Fitness,164786,7.48,907.0,7,2433.63,546,27998.18,Yes,1,High ROI,Macro
INF-022,Tiktok,Fashion,48102,8.07,258.0,8,500.92,163,9267.38,Yes,1,High ROI,Micro
INF-023,Tiktok,Fitness,84460,9.36,542.0,1,1100.87,137,7361.31,Yes,1,High ROI,Macro
INF-024,Tiktok,Fashion,112634,7.63,1149.0,8,1802.04,187,10325.13,Yes,1,High ROI,Macro
INF-025,Instagram,Fashion,99930,7.55,627.0,11,1522.22,409,19568.78,Yes,1,High ROI,Macro
INF-026,Instagram,Fashion,16801,10.73,146.0,14,366.16,40,2171.37,Yes,1,High ROI,Micro
INF-027,Tiktok,Skincare,113150,6.91,568.0,10,1221.62,584,29113.86,Yes,1,High ROI,Macro
INF-028,Instagram,Fitness,213339,4.39,1037.0,9,1894.95,252,14493.67,Yes,1,High ROI,Macro
INF-029,Instagram,Skincare,189208,5.94,988.0,8,2579.22,151,8220.36,Yes,1,High ROI,Macro
INF-030,Tiktok,Skincare,164697,8.47,1735.0,12,1557.5,1236,34524.9125,Yes,1,High ROI,Macro
INF-031,Instagram,Fashion,223945,4.11,649.0,9,2767.19,229,10526.96,Yes,1,High ROI,Macro
INF-032,Tiktok,Skincare,241915,2.55,794.0,14,3832.67,398,18164.52,Yes,1,High ROI,Macro
INF-033,Tiktok,Tech,213664,0.97,228.0,15,2007.88,39,1972.27,No,0,Low ROI,Macro
INF-034,Youtube,Tech,218124,6.83,915.0,9,3402.9,150,7348.17,Yes,1,High ROI,Macro
INF-035,Youtube,Tech,185333,4.42,749.0,15,2952.12,378,20673.33,Yes,1,High ROI,Macro
INF-036,Instagram,Fashion,11542,10.48,164.0,6,366.56,37,1942.13,Yes,1,High ROI,Micro
INF-037,Tiktok,Skincare,31677,11.97,539.0,0,674.94,204,9994.02,Yes,1,High ROI,Micro
INF-038,Tiktok,Tech,187804,5.08,921.0,6,2427.95,398,18800.95,Yes,1,High ROI,Macro
INF-039,Instagram,Fashion,191415,4.35,816.0,9,2999.51,298,13978.58,Yes,1,High ROI,Macro
INF-040,Tiktok,Tech,49081,10.76,749.0,4,789.9,89,5159.32,Yes,1,High ROI,Micro
INF-041,Tiktok,Tech,203928,4.98,1103.0,5,2785.25,248,12065.74,Yes,1,High ROI,Macro
INF-042,Instagram,Fitness,103105,7.99,438.0,9,1420.1,380,20814.75,Yes,1,High ROI,Macro
INF-043,Tiktok,Skincare,229930,1.28,415.0,6,3448.46,192,10974.78,Yes,1,High ROI,Macro
INF-044,Youtube,Fashion,29065,11.0,239.0,13,487.72,134,7264.3,Yes,1,High ROI,Micro
INF-045,Tiktok,Fitness,224532,4.28,1035.0,14,2794.64,252,14589.16,Yes,1,High ROI,Macro
INF-046,Instagram,Skincare,98092,5.2,339.0,4,1602.09,112,5699.22,Yes,1,High ROI,Macro
INF-047,Tiktok,Skincare,64693,8.92,308.0,6,848.17,362,21482.29,Yes,1,High ROI,Macro
INF-048,Instagram,Fashion,36962,5.87,176.0,8,595.0,95,4464.73,Yes,1,High ROI,Micro
INF-049,Instagram,Tech,38295,12.44,610.0,2,580.36,175,8143.14,Yes,1,High ROI,Micro
INF-050,Tiktok,Fashion,23807,7.68,142.0,15,544.54,100,5488.04,Yes,1,High ROI,Micro
INF-051,Youtube,Fashion,183420,7.28,961.0,7,1930.59,543,32114.36,Yes,1,High ROI,Macro
INF-052,Instagram,Skincare,167504,4.09,488.0,1,2602.42,109,6227.52,Yes,1,High ROI,Macro
INF-053,Youtube,Fashion,224357,4.56,1038.0,10,2137.84,275,12690.22,Yes,1,High ROI,Macro
INF-054,Youtube,Tech,248067,1.69,618.0,6,3391.47,67,3295.76,No,0,Low ROI,Macro
INF-055,Instagram,Skincare,232864,4.98,1112.0,12,2438.55,292,17214.8,Yes,1,High ROI,Macro
INF-056,Youtube,Fashion,198926,4.08,858.0,1,2966.23,363,17712.9,Yes,1,High ROI,Macro
INF-057,Tiktok,Fitness,181334,5.62,1386.0,14,2926.11,383,21722.82,Yes,1,High ROI,Macro
INF-058,Tiktok,Fitness,178152,5.03,927.0,13,2186.75,365,20942.6,Yes,1,High ROI,Macro
INF-059,Tiktok,Fashion,142396,3.96,385.0,3,2235.77,96,5033.45,Yes,1,High ROI,Macro
INF-060,Tiktok,Fitness,101267,7.92,641.0,6,1040.29,180,9143.14,Yes,1,High ROI,Macro
INF-061,Tiktok,Fashion,176981,4.29,614.0,2,2606.22,145,7504.02,Yes,1,High ROI,Macro
INF-062,Tiktok,Skincare,230411,5.12,1058.0,1,2414.56,344,16651.14,Yes,1,High ROI,Macro
INF-063,Instagram,Fitness,29870,8.81,243.0,10,611.57,93,5425.7,Yes,1,High ROI,Micro
INF-064,Tiktok,Fitness,175650,4.97,1134.0,9,1520.4,176,9109.64,Yes,1,High ROI,Macro
INF-065,Tiktok,Fitness,213196,6.55,1186.0,6,2723.03,492,28652.55,Yes,1,High ROI,Macro
INF-066,Instagram,Tech,244677,6.72,1591.0,0,3372.81,202,9410.25,Yes,1,High ROI,Macro
INF-067,Tiktok,Fashion,36790,10.15,420.0,13,541.94,76,4546.63,Yes,1,High ROI,Micro
INF-068,Instagram,Fashion,128874,5.96,674.0,14,1423.8,209,10794.66,Yes,1,High ROI,Macro
INF-069,Tiktok,Fitness,35289,8.45,398.0,7,518.97,101,4617.46,Yes,1,High ROI,Micro
INF-070,Youtube,Fashion,196201,3.28,699.0,2,2250.46,238,10845.74,Yes,1,High ROI,Macro
INF-071,Instagram,Fitness,234786,2.49,464.0,11,2917.45,210,11800.55,Yes,1,High ROI,Macro
INF-072,Tiktok,Fitness,235318,3.0,857.0,11,2303.79,255,13995.81,Yes,1,High ROI,Macro
INF-073,Tiktok,Fitness,25485,12.23,320.0,12,433.51,157,8954.02,Yes,1,High ROI,Micro
INF-074,Instagram,Skincare,54482,8.18,461.0,1,619.13,47,2189.28,Yes,1,High ROI,Macro
INF-075,Instagram,Fashion,96188,5.47,516.0,2,1592.33,124,5646.16,Yes,1,High ROI,Macro
INF-076,Instagram,Skincare,14748,9.65,141.0,4,233.05,60,3157.72,Yes,1,High ROI,Micro
INF-077,Instagram,Fashion,227841,3.89,1121.0,10,2492.31,302,15345.81,Yes,1,High ROI,Macro
INF-078,Tiktok,Skincare,150507,5.84,529.0,7,1443.21,330,17136.64,Yes,1,High ROI,Macro
INF-079,Tiktok,Fashion,13709,10.82,123.0,9,330.48,68,4071.42,Yes,1,High ROI,Micro
INF-080,Tiktok,Fashion,133961,6.35,489.0,6,2006.9,347,20667.75,Yes,1,High ROI,Macro
INF-081,Youtube,Skincare,40355,10.02,506.0,6,580.55,83,4908.18,Yes,1,High ROI,Micro
INF-082,Instagram,Fashion,196843,3.32,504.0,11,2098.82,304,17254.32,Yes,1,High ROI,Macro
INF-083,Tiktok,Skincare,198871,7.1,1796.125,6,2828.59,764,34524.9125,Yes,1,High ROI,Macro
INF-084,Tiktok,Skincare,154188,6.06,959.0,14,2251.05,506,25898.07,Yes,1,High ROI,Macro
INF-085,Tiktok,Fitness,166542,5.94,1286.0,7,1724.65,244,12991.59,Yes,1,High ROI,Macro
INF-086,Tiktok,Fashion,183416,3.69,1000.0,0,2690.91,160,9193.28,Yes,1,High ROI,Macro
INF-087,Instagram,Skincare,52918,9.23,654.0,3,903.4,169,7779.19,Yes,1,High ROI,Macro
INF-088,Instagram,Fashion,62224,9.23,785.0,12,760.15,206,10581.08,Yes,1,High ROI,Macro
INF-089,Youtube,Fitness,49298,6.87,307.0,5,878.02,146,6750.93,Yes,1,High ROI,Micro
INF-090,Instagram,Skincare,249564,0.52,136.0,8,3524.07,47,2477.83,No,0,Low ROI,Macro
INF-091,Tiktok,Fashion,90219,7.91,537.0,12,1171.34,118,6901.05,Yes,1,High ROI,Macro
INF-092,Instagram,Skincare,71629,7.26,361.0,1,773.92,185,10496.4,Yes,1,High ROI,Macro
INF-093,Instagram,Skincare,76040,8.26,631.0,0,823.95,130,6294.29,Yes,1,High ROI,Macro
INF-094,Instagram,Fashion,240590,1.33,350.0,15,3581.4,140,8349.58,Yes,1,High ROI,Macro
INF-095,Instagram,Fashion,240907,0.91,183.0,12,3768.34,106,5831.09,No,0,Low ROI,Macro
INF-096,Instagram,Fashion,38016,9.25,376.0,9,690.74,67,3025.48,Yes,1,High ROI,Micro
INF-097,Instagram,Fitness,33960,8.52,401.0,11,634.05,106,5176.11,Yes,1,High ROI,Micro
INF-098,Tiktok,Tech,43591,5.61,258.0,13,787.4,55,2690.09,Yes,1,High ROI,Micro
INF-099,Tiktok,Fashion,223920,5.74,1569.0,1,2912.31,155,7136.02,Yes,1,High ROI,Macro
INF-100,Tiktok,Skincare,113333,4.87,720.0,6,1483.84,222,13186.22,Yes,1,High ROI,Macro
INF-101,Tiktok,Fitness,124821,10.36,1796.125,2,1267.54,317,16539.1,Yes,1,High ROI,Macro
INF-102,Instagram,Skincare,208713,3.22,741.0,9,3077.91,334,19518.03,Yes,1,High ROI,Macro
INF-103,Tiktok,Fashion,46395,9.3,563.0,1,598.76,120,5979.99,Yes,1,High ROI,Micro
INF-104,Instagram,Skincare,139695,8.56,1749.0,13,2215.56,362,16970.02,Yes,1,High ROI,Macro
INF-105,Youtube,Skincare,163772,7.63,1796.125,10,1724.25,415,21627.74,Yes,1,High ROI,Macro
INF-106,Tiktok,Tech,44620,11.73,335.0,6,503.51,70,3269.65,Yes,1,High ROI,Micro
INF-107,Tiktok,Fitness,244286,0.88,194.0,12,2336.41,135,7059.18,Yes,1,High ROI,Macro
INF-108,Instagram,Fashion,138148,4.43,504.0,12,1786.28,281,16524.05,Yes,1,High ROI,Macro
INF-109,Tiktok,Fashion,30559,9.48,170.0,1,591.41,116,6126.14,Yes,1,High ROI,Micro
INF-110,Tiktok,Skincare,234117,4.7,1246.0,15,2176.41,384,20831.04,Yes,1,High ROI,Macro
INF-111,Tiktok,Skincare,103396,7.09,906.0,15,1563.13,402,19034.53,Yes,1,High ROI,Macro
INF-112,Tiktok,Skincare,202714,1.87,511.0,2,2490.22,163,7441.93,Yes,1,High ROI,Macro
INF-113,Youtube,Fashion,217611,4.65,630.0,10,3215.93,433,20204.7,Yes,1,High ROI,Macro
INF-114,Instagram,Fitness,31732,8.82,385.0,6,557.77,28,1511.38,Yes,1,High ROI,Micro
INF-115,Instagram,Fashion,101362,6.85,793.0,13,1586.34,198,9192.18,Yes,1,High ROI,Macro
INF-116,Youtube,Skincare,171426,1.78,367.0,3,2494.76,150,7595.98,Yes,1,High ROI,Macro
INF-117,Instagram,Tech,23843,10.53,354.0,12,466.33,94,5005.63,Yes,1,High ROI,Micro
INF-118,Tiktok,Fitness,124065,6.74,940.0,13,1210.05,275,13978.19,Yes,1,High ROI,Macro
INF-119,Youtube,Fashion,81726,10.4,710.0,0,1315.03,125,5931.91,Yes,1,High ROI,Macro
INF-120,Instagram,Fashion,27640,9.11,333.0,12,702.11,160,7857.1,Yes,1,High ROI,Micro
INF-121,Instagram,Fashion,62528,9.1,491.0,13,729.95,79,4655.06,Yes,1,High ROI,Macro
INF-122,Youtube,Skincare,48413,9.89,255.0,4,785.97,189,10421.41,Yes,1,High ROI,Micro
INF-123,Tiktok,Fashion,62638,5.63,469.0,11,1104.25,186,9753.97,Yes,1,High ROI,Macro
INF-124,Tiktok,Fitness,193808,8.5,1392.0,8,2882.14,325,14686.99,Yes,1,High ROI,Macro
INF-125,Tiktok,Skincare,248964,2.38,754.0,15,3879.08,454,27188.35,Yes,1,High ROI,Macro
INF-126,Tiktok,Skincare,120133,7.38,764.0,7,1725.4,194,10683.93,Yes,1,High ROI,Macro
INF-127,Instagram,Skincare,116357,7.7,1219.0,11,1417.65,236,11741.91,Yes,1,High ROI,Macro
INF-128,Youtube,Skincare,209938,2.9,438.0,14,2266.65,328,19086.0,Yes,1,High ROI,Macro
INF-129,Tiktok,Fitness,160159,8.29,1796.125,8,1928.82,591,28886.0,Yes,1,High ROI,Macro
INF-130,Instagram,Fitness,182502,5.29,1235.0,9,2632.06,331,17596.04,Yes,1,High ROI,Macro
INF-131,Tiktok,Fashion,165576,5.04,512.0,13,2321.53,328,17889.47,Yes,1,High ROI,Macro
INF-132,Tiktok,Skincare,148186,6.06,957.0,8,1530.99,235,11354.25,Yes,1,High ROI,Macro
INF-133,Tiktok,Fashion,88859,8.66,1143.0,14,1497.02,125,7459.49,Yes,1,High ROI,Macro
INF-134,Tiktok,Fashion,109657,6.95,740.0,6,1557.26,112,6296.96,Yes,1,High ROI,Macro
INF-135,Youtube,Skincare,152047,7.07,733.0,3,1962.24,205,10940.28,Yes,1,High ROI,Macro
INF-136,Tiktok,Fashion,21023,6.88,142.0,4,530.24,34,1622.1,Yes,1,High ROI,Micro
INF-137,Instagram,Fashion,31447,8.0,254.0,0,522.22,63,2885.9,Yes,1,High ROI,Micro
INF-138,Instagram,Fashion,231541,0.5,143.0,13,2342.76,35,1743.03,No,0,Low ROI,Macro
INF-139,Tiktok,Fashion,135899,9.19,1497.0,0,1576.7,244,13736.67,Yes,1,High ROI,Macro
INF-140,Youtube,Skincare,33959,12.03,368.0,2,468.2,124,6080.96,Yes,1,High ROI,Micro
INF-141,Youtube,Fashion,76203,8.81,482.0,12,795.09,375,19910.0,Yes,1,High ROI,Macro
INF-142,Tiktok,Fashion,129156,4.86,718.0,13,1592.26,172,9618.1,Yes,1,High ROI,Macro
INF-143,Instagram,Fashion,170775,8.8,1385.0,7,2266.37,716,33379.32,Yes,1,High ROI,Macro
INF-144,Tiktok,Fitness,19337,8.55,104.0,13,430.04,96,5306.83,Yes,1,High ROI,Micro
INF-145,Tiktok,Fashion,56427,8.1,640.0,1,1019.85,75,3478.35,Yes,1,High ROI,Macro
INF-146,Tiktok,Skincare,71529,8.24,702.0,3,842.14,390,23196.01,Yes,1,High ROI,Macro
INF-147,Instagram,Skincare,112023,7.54,999.0,1,1870.31,278,14546.6,Yes,1,High ROI,Macro
INF-148,Instagram,Fashion,94665,8.32,1041.0,13,1682.18,334,15784.89,Yes,1,High ROI,Macro
INF-149,Tiktok,Skincare,115787,7.78,927.0,4,1296.73,369,18500.09,Yes,1,High ROI,Macro
INF-150,Tiktok,Fashion,172993,4.94,1123.0,8,2231.7,256,13107.52,Yes,1,High ROI,Macro
INF-151,Youtube,Tech,43307,9.79,423.0,15,612.2,142,8004.93,Yes,1,High ROI,Micro
INF-152,Tiktok,Fashion,168427,5.0,477.0,0,2286.23,266,14936.26,Yes,1,High ROI,Macro
INF-153,Tiktok,Fashion,244340,4.03,891.0,4,3208.88,345,18691.79,Yes,1,High ROI,Macro
INF-154,Instagram,Fashion,137016,6.91,944.0,13,1503.26,455,21197.98,Yes,1,High ROI,Macro
INF-155,Youtube,Fashion,14835,10.73,194.0,14,308.53,64,3025.51,Yes,1,High ROI,Micro
INF-156,Tiktok,Fashion,30159,10.11,184.0,8,509.88,118,5475.95,Yes,1,High ROI,Micro
INF-157,Instagram,Tech,245418,2.46,386.0,14,2403.25,122,6546.23,Yes,1,High ROI,Macro
INF-158,Instagram,Fashion,188677,5.41,779.0,0,2643.19,188,10933.53,Yes,1,High ROI,Macro
INF-159,Tiktok,Tech,131790,7.29,736.0,8,1653.66,410,21117.87,Yes,1,High ROI,Macro
INF-160,Instagram,Tech,115616,4.83,688.0,7,1653.12,127,6021.42,Yes,1,High ROI,Macro
INF-161,Tiktok,Skincare,179160,4.57,614.0,3,2094.72,142,7578.63,Yes,1,High ROI,Macro
INF-162,Instagram,Skincare,88752,8.43,847.0,11,1479.3,157,8976.68,Yes,1,High ROI,Macro
INF-163,Instagram,Skincare,65284,10.74,697.0,10,712.45,132,7408.59,Yes,1,High ROI,Macro
INF-164,Instagram,Skincare,67043,9.36,673.0,9,984.48,303,17641.19,Yes,1,High ROI,Macro
INF-165,Tiktok,Skincare,176619,7.71,1796.125,4,2507.26,717,34524.9125,Yes,1,High ROI,Macro
INF-166,Instagram,Fashion,107007,6.41,620.0,12,1437.47,421,20169.82,Yes,1,High ROI,Macro
INF-167,Tiktok,Skincare,92844,7.78,918.0,4,1563.85,381,22173.15,Yes,1,High ROI,Macro
INF-168,Tiktok,Skincare,37532,10.16,351.0,10,770.19,177,9710.82,Yes,1,High ROI,Micro
INF-169,Tiktok,Fitness,175421,1.6,239.0,11,2485.69,82,4072.44,No,0,Low ROI,Macro
INF-170,Instagram,Skincare,132402,8.56,1653.0,5,1924.31,388,21780.47,Yes,1,High ROI,Macro
INF-171,Instagram,Fitness,128012,3.62,317.0,6,2151.53,72,4120.33,No,0,Low ROI,Macro
INF-172,Tiktok,Skincare,186517,6.27,690.0,7,2852.54,859,34524.9125,Yes,1,High ROI,Macro
INF-173,Instagram,Skincare,146785,6.92,1291.0,14,2077.85,570,31531.41,Yes,1,High ROI,Macro
INF-174,Tiktok,Fashion,66178,4.64,174.0,13,1106.29,90,4556.6,Yes,1,High ROI,Macro
INF-175,Instagram,Fashion,59407,4.9,389.0,7,701.61,140,7431.26,Yes,1,High ROI,Macro
INF-176,Tiktok,Fitness,211412,6.23,1234.0,10,2069.46,566,29920.11,Yes,1,High ROI,Macro
INF-177,Instagram,Fitness,60990,10.11,872.0,13,953.62,293,16912.17,Yes,1,High ROI,Macro
INF-178,Tiktok,Fitness,216744,2.61,691.0,12,1974.51,109,6278.34,Yes,1,High ROI,Macro
INF-179,Youtube,Skincare,139473,4.77,738.0,1,1762.8,193,11095.61,Yes,1,High ROI,Macro
INF-180,Tiktok,Skincare,206617,4.98,1491.0,8,2166.87,497,22447.24,Yes,1,High ROI,Macro
INF-181,Tiktok,Fitness,225863,3.66,741.0,6,2573.27,159,8942.67,Yes,1,High ROI,Macro
INF-182,Tiktok,Fitness,68141,9.67,958.0,3,1124.31,86,4848.69,Yes,1,High ROI,Macro
INF-183,Youtube,Tech,164865,6.1,638.0,3,2594.04,413,22787.56,Yes,1,High ROI,Macro
INF-184,Youtube,Fashion,66570,10.51,688.0,10,669.24,104,5859.77,Yes,1,High ROI,Macro
INF-185,Tiktok,Fashion,236156,4.84,880.0,7,2989.81,386,22245.01,Yes,1,High ROI,Macro
INF-186,Instagram,Fitness,178964,6.07,1129.0,3,2670.99,515,26808.21,Yes,1,High ROI,Macro
INF-187,Instagram,Skincare,11015,9.16,66.0,12,323.0,59,3099.31,Yes,1,High ROI,Micro
INF-188,Instagram,Tech,71813,7.35,708.0,14,1240.85,144,6749.38,Yes,1,High ROI,Macro
INF-189,Instagram,Fitness,37712,8.87,450.0,5,596.24,147,7464.75,Yes,1,High ROI,Micro
INF-190,Tiktok,Fashion,110497,9.67,1554.0,4,1341.58,106,5792.95,Yes,1,High ROI,Macro
INF-191,Tiktok,Fitness,149487,5.2,508.0,2,2509.02,83,4706.6,No,0,Low ROI,Macro
INF-192,Youtube,Fitness,122816,6.95,958.0,12,1424.64,378,18241.58,Yes,1,High ROI,Macro
INF-193,Youtube,Skincare,138778,2.75,371.0,13,2066.47,122,5742.22,Yes,1,High ROI,Macro
INF-194,Instagram,Tech,72292,8.99,548.0,9,1256.77,165,9066.03,Yes,1,High ROI,Macro
INF-195,Tiktok,Fashion,33833,12.44,358.0,10,402.2,137,6168.86,Yes,1,High ROI,Micro
INF-196,Tiktok,Fitness,145230,4.53,600.0,1,1973.16,116,5530.37,Yes,1,High ROI,Macro
INF-197,Instagram,Skincare,203752,9.06,1796.125,8,3192.5,340,15448.26,Yes,1,High ROI,Macro
INF-198,Youtube,Fitness,30309,9.42,313.0,9,418.04,83,3942.77,Yes,1,High ROI,Micro
INF-199,Youtube,Fashion,16970,5.67,92.0,8,437.56,38,1813.35,Yes,1,High ROI,Micro
INF-200,Instagram,Skincare,82474,7.11,337.0,0,1182.04,203,10315.47,Yes,1,High ROI,Macro
INF-201,Instagram,Tech,227776,5.62,739.0,9,3015.22,280,14289.77,Yes,1,High ROI,Macro
INF-202,Tiktok,Skincare,56540,11.42,324.0,2,944.29,281,16330.02,Yes,1,High ROI,Macro
INF-203,Tiktok,Skincare,161456,6.56,1554.0,7,1872.49,285,15005.72,Yes,1,High ROI,Macro
INF-204,Youtube,Tech,28017,11.57,163.0,5,611.79,42,2345.75,Yes,1,High ROI,Micro
INF-205,Instagram,Tech,85880,5.83,301.0,4,1521.03,206,9591.78,Yes,1,High ROI,Macro
INF-206,Tiktok,Fashion,115570,5.74,540.0,4,1616.6,136,6579.9,Yes,1,High ROI,Macro
INF-207,Tiktok,Fashion,18702,6.96,170.0,5,531.52,22,1221.97,Yes,1,High ROI,Micro
INF-208,Instagram,Fashion,141456,5.13,1061.0,14,1852.16,355,16256.18,Yes,1,High ROI,Macro
